org_id,gene,gname,cntaa,mw,notes,gname2,cog,gcmp,anot,prno,ec,ec2,id,prno2,br_mw,ndimer
2,YAR015W,ADE1,306,34603.2639,"1,38:5",ADE1,,,,,,,20016,,,
2,YBL011W,SCT1,759,85693.9595,"2,38:4",SCT1,,,,,,,20021,,,
2,YBL042C,FUI1,639,72164.8233,"1,38:5",FUI1,,,,,,,20027,,,
2,YBR021W,FUR4,633,71735.6033,"1,38:5",FUR4,,,,,,,20044,,,
2,YBR127C,VMA2,517,57748.9982,"1,38:5",VMA2,,,,,,,20066,,,
2,YBR296C,PHO89,574,62653.2427,"1,38:5",PHO89,,,,,,,20097,,,
2,YCL009C,ILV6,309,33986.624,"1,38:5",ILV6,,,,,,,20101,,,
2,YCL018W,LEU2,364,38952.7165,"1,38:5",LEU2,,,,,,,20102,,,
2,YMR300C,ADE4,510,56719.1783,"1,38:5",ADE4,,,,,,,20766,,,
2,YMR319C,FET4,552,62791.7367,"2,38:4",FET4,,,,,,,20772,,,
2,YNL130C,CPT1,393,44829.3108,"1,38:5",CPT1,,,,,,,20788,,,
2,YNL142W,MEP2,499,53400.4896,"1,38:5",MEP2,,,,,,,20790,,,
2,YNL169C,PSD1,500,56594.5584,"1,38:5",PSD1,,,,9,4.1.1.65,,20791,,,
2,YNL202W,SPS19,295,31108.8341,"2,38:4",SPS19,,,,,,,20793,,,
2,YNR012W,URK1,501,56295.9131,"1,38:5",URK1,,,,,,,20811,,,
2,YNR034W,SOL1,321,35652.3567,"1,38:4",SOL1,,,,,,,20816,,,
2,YOL033W,MSE1,536,61603.0612,"1,38:5",MSE1,,,,,,,20829,,,
2,YOL064C,MET22,357,39149.1063,"1,38:5",MET22,,,,,,,20837,,,
2,YOL086C,ADH1,348,36849.0446,"1,38:5",ADH1,,,,10,1.1.1.B4,,20842,,,
2,YOL132W,GAS4,471,53812.3712,"2,38:3",GAS4,,,,,,,20848,,,
2,YOR011W,AUS1,1394,157750.3953,"1,38:5",AUS1,,,,,,,20854,,,
2,YOR065W,CYT1,309,34054.4143,"1,38:5",CYT1,,,,,,,20857,,,
2,YOR108W,LEU9,604,67199.9376,"1,38:5",LEU9,,,,,,,20864,,,
2,YOR109W,INP53,1107,124576.4367,"2,38:4",INP53,,,,,,,20865,,,
2,YOR128C,ADE2,571,62339.0798,"1,38:5",ADE2,,,,,,,20869,,,
2,YOR142W,LSC1,329,35032.3107,"1,38:5",LSC1,,,,,,,20872,,,
2,YOR155C,ISN1,450,51329.7122,"2,38:4",ISN1,,,,,,,20874,,,
2,YOR163W,DDP1,188,21572.3698,"2,38:4",DDP1,,,,,,,20875,,,
2,YOR168W,GLN4,809,93132.4101,"1,38:5",GLN4,,,,,,,20876,,,
2,YOR184W,SER1,395,43415.3558,"1,38:5",SER1,,,,,,,20881,,,
2,YOR321W,PMT3,753,86322.3656,"1,38:5",PMT3,,,,20,2.4.1.109,,20896,,,
2,YOR332W,VMA4,233,26471.2601,"1,38:5",VMA4,,,,,,,20898,,,
2,YOR335C,ALA1,958,107276.6308,"1,38:5",ALA1,,,,,,,20899,,,
2,YPL268W,PLC1,869,100547.1357,"1,38:5",PLC1,,,,,,,20945,,,
2,YPR060C,ARO7,256,29747.0222,"1,38:5",ARO7,,,,,,,20963,,,
2,YPR113W,PIS1,220,24823.5921,"1,38:5",PIS1,,,,,,,20968,,,
2,YPR160W,GPH1,902,103274.8319,"1,38:5",GPH1,,,,,,,20976,,,
2,YCL040W,GLK1,500,55377.2204,"1,38:5",GLK1,,,,,,,20107,,,
2,YCR024C,SLM5,492,56784.6563,"1,38:5",SLM5,,,,,,,20116,,,
2,YCR075C,ERS1,260,30116.2068,"2,38:4",ERS1,,,,,,,20126,,,
2,YDL015C,TSC13,310,36767.6604,"2,38:4",TSC13,,,,,,,20131,,,
2,YDL066W,IDP1,428,48190.1773,"1,38:5",IDP1,,,,66,1.1.1.42,,20139,,,
2,YDL078C,MDH3,343,37185.9958,"1,38:5",MDH3,,,,,,,20141,,,
2,YDL095W,PMT1,817,92675.0338,"1,38:5",PMT1,,,,22,2.4.1.109,,20146,,,
2,YDL103C,QRI1,477,53475.7872,"1,38:5",QRI1,,,,,,,20148,,,
2,YDL142C,CRD1,283,32019.5241,"1,38:5",CRD1,,,,,,,20151,,,
2,YDL185W,TFP1,1071,118636.2046,"1,38:5",TFP1,,,,,,,20158,,,
2,YDL198C,GGC1,300,33215.3153,"2,38:4",GGC1,,,,,,,20159,,,
2,YDR035W,ARO3,370,41069.7665,"1,38:5",ARO3,,,,,,,20171,,,
2,YDR044W,HEM13,328,37711.3989,"1,38:5",HEM13,,,,,,,20173,,,
2,YDR111C,---,507,56769.5622,"1,38:4",---,,,,,,,20183,,,
2,YDR127W,ARO1,1588,174754.3708,"1,38:5",ARO1,,,,,,,20185,,,
2,YDR208W,MSS4,779,89320.05,"1,38:5",MSS4,,,,4,2.7.1.68,,20195,,,
2,YDR256C,CTA1,515,58555.2033,"1,38:5",CTA1,,,,,,,20201,,,
2,YDR483W,KRE2,442,51386.4645,"1,38:5",KRE2,,,,,,,20241,,,
2,YER005W,YND1,630,71851.6541,"2,38:4",YND1,,,,,,,20272,,,
2,YER053C,PIC2,300,33528.2386,"1,38:5",PIC2,,,,,,,20281,,,
2,YER055C,HIS1,297,32266.2924,"1,38:5",HIS1,,,,,,,20282,,,
2,YER061C,CEM1,442,47555.0517,"1,38:5",CEM1,,,,,,,20286,,,
2,YER183C,FAU1,211,24058.6577,"1,38:5",FAU1,,,,,,,20305,,,
2,YFL011W,HXT10,546,60661.8307,"1,38:5",HXT10,,,,,,,20307,,,
2,YGL012W,ERG4,473,56039.4444,"1,38:5",ERG4,,,,,,,20327,,,
2,YGL125W,MET13,600,68559.8837,"1,38:5",MET13,,,,,,,20338,,,
2,YGL184C,STR3,465,51828.2755,"1,38:5",STR3,,,,,,,20343,,,
2,YGL202W,ARO8,500,56177.5997,"1,38:5",ARO8,,,,,,,20347,,,
2,YGL224C,SDT1,280,31968.5645,"2,38:4",SDT1,,,,,,,20349,,,
2,YGR007W,MUQ1,323,36862.6813,"1,38:5",MUQ1,,,,,,,20356,,,
2,YGR012W,---,393,42800.6941,"1,38:4",---,,,,,,,20358,,,
2,YGR037C,ACB1,87,10061.313,"1,38:5",ACB1,,,,,,,20362,,,
2,YGR180C,RNR4,345,40054.4501,"1,38:5",RNR4,,,,,,,20384,,,
2,YGR193C,PDX1,410,45361.5412,"2,38:4",PDX1,,,,,,,20389,,,
2,YGR204W,ADE3,946,102204.6961,"1,38:5",ADE3,,,,6,6.3.4.3,,20393,,,
2,YHL036W,MUP3,546,60619.4084,"1,38:5",MUP3,,,,,,,20418,,,
2,YHR094C,HXT1,570,63261.193,"1,38:5",HXT1,,,,,,,20443,,,
2,YHR123W,EPT1,391,44559.6006,"1,38:5",EPT1,,,,,,,20447,,,
2,YHR144C,DCD1,312,35646.0003,"1,38:5",DCD1,,,,7,3.5.4.12,,20450,,,
2,YIL010W,DOT5,215,24119.5256,"2,38:4",DOT5,,,,,,,20462,,,
2,YIL094C,LYS12,371,40068.7769,"1,38:5",LYS12,,,,,,,20471,,,
2,YIL099W,SGA1,549,61462.6701,"2,38:4",SGA1,,,,,,,20472,,,
2,YIL162W,SUC2,532,60639.0121,"1,38:5",SUC2,,,,,,,20482,,,
2,YIL164C,NIT1,199,21620.0467,"2,38:3",NIT1,,,,,,,20483,,,
2,YIR028W,DAL4,635,71755.8944,"1,38:5",DAL4,,,,,,,20487,,,
2,YJL198W,PHO90,881,97688.1837,"1,38:5",PHO90,,,,7,3.6.3.27,,20519,,,
2,YJR009C,TDH3 /// TDH2,332,35846.7049,"1,38:5",TDH3 /// TDH2,,,,,,,20527,,,
2,YJR019C,TES1,349,40259.4775,"2,38:4",TES1,,,,,,,20531,,,
2,YJR139C,HOM6,359,38501.9124,"1,38:5",HOM6,,,,,,,20551,,,
2,YLR158C,,362,38686.4158,"1,38:5",,,,,,,,20652,,,
2,YLR180W,SAM1,382,41818.171,"1,38:5",SAM1,,,,,,,20657,,,
2,YLR240W,VPS34,875,100920.9326,"1,38:5",VPS34,,,,11,2.7.1.137,,20664,,,
2,YLR307W,CDA1,301,34642.2233,"1,38:5",CDA1,,,,,,,20677,,,
2,YLR308W,CDA2,312,35692.9961,"1,38:5",CDA2,,,,,,,20678,,,
2,YLR355C,ILV5,395,44368.2589,"1,38:5",ILV5,,,,,,,20685,,,
2,YLR382C,NAM2,894,101919.8922,"1,38:5",NAM2,,,,,,,20689,,,
2,YML042W,CAT2,670,77241.4679,"1,38:5",CAT2,,,,22,2.3.1.7,2.3.1.8,20702,22,,
2,YML054C,CYB2,591,65539.1237,"1,38:5",CYB2,,,,1,1.1.2.3,,20703,,,
2,YMR083W,ADH3,375,40369.3464,"1,38:5",ADH3,,,,,,,20729,,,
2,YMR226C,---,267,29158.2661,"2,38:4",---,,,,,,,20751,,,
2,YMR256C,COX7,60,6932.3281,"1,38:5",COX7,,,,,,,20755,,,
2,YKR031C,SPO14,1683,195203.1348,"2,38:4",SPO14,,,,9,3.1.4.4,,20600,,,
2,YKR080W,MTD1,320,36239.4768,"1,38:5",MTD1,,,,,,,20608,,,
2,YLL061W,MMP1,583,64217.5247,"1,38:5",MMP1,,,,,,,20622,,,
2,YLR142W,PUT1,476,53271.2,"1,38:5",PUT1,,,,,,,20646,,,
2,YMR202W,ERG2,222,24895.5135,"1,38:5",ERG2,,,,,,,20744,,,
2,YMR306W,FKS3,1785,207482.5188,"1,38:3",FKS3,,,,,,,20768,,,
2,YOL140W,ARG8,423,46681.2401,"1,38:5",ARG8,,,,,,,20850,,,
2,YPL212C,PUS1,544,62142.2744,"1,38:5",PUS1,,,,4,5.4.99.B22,,20935,,,
2,YPR081C,GRS2,618,71018.1804,"1,38:5",GRS2,,,,,,,20967,,,
2,YBR023C,CHS3,1165,131600.7383,"1,38:5",CHS3,,,,,,,20045,,,
2,YDR019C,GCV1,400,44468.8335,"1,38:5",GCV1,,,,,,,20169,,,
2,YDR037W,KRS1,591,67958.3166,"1,38:5",KRS1,,,,,,,20172,,,
2,YDR481C,PHO8,566,63003.8101,"1,38:5",PHO8,,,,12,3.1.3.1,,20240,,,
2,YDR530C,APA2,325,36840.6727,"1,38:5",APA2,,,,,,,20249,,,
2,YEL046C,GLY1,387,42814.8796,"1,38:5",GLY1,,,,,,,20263,,,
2,YGL253W,HXK2,486,53942.2495,"1,38:5",HXK2,,,,,,,20354,,,
2,YGR010W,NMA2,395,44908.901,"1,38:5",NMA2,,,,,,,20357,,,
2,YGR060W,ERG25,309,36478.9751,"1,38:5",ERG25,,,,,,,20365,,,
2,YGR260W,TNA1,534,60134.723,"2,38:4",TNA1,,,,,,,20404,,,
2,YHL032C,GUT1,709,79824.0242,"1,38:5",GUT1,,,,,,,20417,,,
2,YHR068W,DYS1,387,42892.0793,"1,38:5",DYS1,,,,,,,20438,,,
2,YHR096C,HXT5,592,66251.2664,"1,38:5",HXT5,,,,,,,20444,,,
2,YIL009W,FAA3,694,77946.2233,"1,38:5",FAA3,,,,,,,20461,,,
2,YJR121W,ATP2,511,54793.5251,"1,38:5",ATP2,,,,,,,20547,,,
2,YKL140W,TGL1,548,62978.827,"2,38:4",TGL1,,,,,,,20579,,,
2,YKL184W,SPE1,466,52285.1203,"1,38:5",SPE1,,,,,,,20589,,,
2,YHR039C-A,,114,12712.6046,"1,38:5",,,,,,,,20430,,,
2,YJL031C,BET4,327,39674.4496,"1,1:1",BET4,,,,,,,20495,,,
2,Q0085,COX2,259,29098.918,"1,38:5",COX2,,,,,,,20003,,,
2,YAL054C,ACS1,713,79140.4402,"1,38:5",ACS1,,,,,,,20013,,,
2,YBR192W,RIM2,377,42101.4417,"2,38:4",RIM2,,,,,,,20078,,,
2,YBR221C,PDB1,366,40053.4592,"1,38:5",PDB1,,,,,,,20085,,,
2,YBR299W,MAL32 /// MAL12,584,68141.9562,"1,38:5",MAL32 /// MAL12,,,,,,,20099,,,
2,YNL256W,FOL1,824,93119.5717,"1,38:5",FOL1,,,,,,,20797,,,
2,YNR041C,COQ2,372,41001.3335,"1,38:5",COQ2,,,,14,2.5.1.39,,20817,,,
2,YNR056C,BIO5,561,62427.9283,"1,38:5",BIO5,,,,,,,20820,,,
2,YOL030W,GAS5,484,51869.5434,"2,38:3",GAS5,,,,,,,20828,,,
2,YOL058W,ARG1,420,46927.4857,"1,38:5",ARG1,,,,,,,20834,,,
2,YOL061W,PRS5,496,53504.5625,"1,38:5",PRS5,,,,,,,20836,,,
2,YOR192C,---,599,67185.2697,"1,38:5",---,,,,,,,20883,,,
2,YOR273C,TPO4,659,73222.5837,"2,38:4",TPO4,,,,,,,20892,,,
2,YOR360C,PDE2,526,60999.5047,"1,38:5",PDE2,,,,,,,20902,,,
2,YOR377W,ATF1,525,61035.7691,"2,38:4",ATF1,,,,1,2.3.1.84,,20905,,,
2,YPL028W,ERG10,398,41728.5235,"1,38:5",ERG10,,,,,,,20910,,,
2,YPL160W,CDC60,1090,124141.0368,"1,38:5",CDC60,,,,,,,20930,,,
2,YPL214C,THI6,540,58058.5361,"1,38:5",THI6,,,,,,,20936,,,
2,YPL274W,SAM3,587,64353.4651,"1,38:5",SAM3,,,,,,,20948,,,
2,YPR069C,SPE3,293,33323.9213,"1,38:5",SPE3,,,,7,2.5.1.16,,20965,,,
2,YPR138C,MEP3,489,53689.6569,"1,38:5",MEP3,,,,,,,20971,,,
2,YPR156C,TPO2 /// TPO3,622,68065.5147,"2,38:4",TPO2 /// TPO3,,,,,,,20974,,,
2,YEL017C-A,PMP2,43,4847.9817,"1,38:5",PMP2,,,,,,,20255,,,
2,YCR048W,ARE1,610,71612.7963,"2,38:4",ARE1,,,,,,,20123,,,
2,YDL210W,UGA4,571,61872.7941,"1,38:5",UGA4,,,,,,,20161,,,
2,YDR050C,TPI1,248,26795.3271,"1,38:5",TPI1,,,,,,,20176,,,
2,YDR072C,IPT1,527,60873.0091,"1,38:5",IPT1,,,,,,,20179,,,
2,YDR376W,ARH1,493,56236.9529,"2,38:4",ARH1,,,,,,,20225,,,
2,YDR399W,HPT1,221,25190.6175,"1,38:5",HPT1,,,,,,,20229,,,
2,YDR454C,GUK1,187,20637.2687,"1,38:5",GUK1,,,,,,,20239,,,
2,YDR487C,RIB3,208,22567.6103,"2,38:4",RIB3,,,,3,4.1.99.12,,20242,,,
2,YDR502C,SAM2,384,42255.7468,"1,38:5",SAM2,,,,,,,20244,,,
2,YEL071W,DLD3,496,55224.7707,"2,38:4",DLD3,,,,,,,20270,,,
2,YER026C,CHO1,276,30804.4508,"1,38:5",CHO1,,,,6,2.7.8.8,,20278,,,
2,YER060W,FCY21,528,58049.9245,"1,38:5",FCY21,,,,,,,20284,,,
2,YER065C,ICL1,557,62408.5119,"1,38:5",ICL1,,,,,,,20288,,,
2,YER175C,TMT1,299,34768.1321,"2,38:4",TMT1,,,,,,,20303,,,
2,YER178W,PDA1,420,46342.8982,"1,38:5",PDA1,,,,,,,20304,,,
2,YGL040C,HEM2,342,37740.0863,"1,38:5",HEM2,,,,,,,20330,,,
2,YGL055W,OLE1,510,58402.7212,"1,38:5",OLE1,,,,,,,20331,,,
2,YGL191W,COX13,129,15021.0655,"1,38:5",COX13,,,,,,,20346,,,
2,YGR019W,UGA1,471,52945.9901,"1,38:5",UGA1,,,,,,,20359,,,
2,YGR032W,GSC2,1895,216988.9521,"1,38:5",GSC2,,,,,,,20361,,,
2,YGR143W,SKN1,771,86240.7833,"2,38:4",SKN1,,,,,,,20376,,,
2,YGR157W,CHO2,869,101203.0767,"1,38:5",CHO2,,,,,,,20379,,,
2,YGR183C,QCR9,66,7476.3209,"1,38:5",QCR9,,,,,,,20385,,,
2,YHR044C,---,246,27099.7466,"2,38:3",---,,,,,,,20433,,,
2,YIL111W,COX5B,151,17196.649,"1,38:5",COX5B,,,,,,,20474,,,
2,YIR027C,DAL1,460,50126.1392,"1,38:5",DAL1,,,,,,,20486,,,
2,YIR034C,LYS1,373,41464.6286,"1,38:5",LYS1,,,,,,,20491,,,
2,YJL121C,RPE1,238,25967.0287,"1,38:5",RPE1,,,,,,,20507,,,
2,YJL153C,INO1,533,59641.8067,"1,38:5",INO1,,,,6,5.5.1.4,,20514,,,
2,YJL166W,QCR8,94,10974.487,"1,38:5",QCR8,,,,,,,20516,,,
2,YJL212C,OPT1,799,91615.1476,"2,38:4",OPT1,,,,,,,20521,,,
2,YJL216C,---,581,67556.6109,"1,38:4",---,,,,,,,20523,,,
2,YKL016C,ATP7,174,19809.5141,"1,38:5",ATP7,,,,,,,20562,,,
2,YKL146W,AVT3,692,75459.1207,"2,38:4",AVT3,,,,,,,20581,,,
2,YKR069W,MET1,593,66124.9429,"1,38:5",MET1,,,,,,,20607,,,
2,YLL043W,FPS1,669,73877.119,"1,38:5",FPS1,,,,,,,20618,,,
2,YLR044C,PDC1,563,61495.1261,"1,38:5",PDC1,,,,4,4.1.1.1,,20631,,,
2,YLR138W,NHA1,985,109368.6847,"1,38:5",NHA1,,,,,,,20645,,,
2,YLR237W,THI7,598,66903.6812,"1,38:5",THI7,,,,,,,20663,,,
2,YLR284C,ECI1,280,31698.3013,"2,38:4",ECI1,,,,6,5.3.3.8,,20669,,,
2,YLR305C,STT4,1900,214606.1211,"1,38:5",STT4,,,,,,,20676,,,
2,YLR438W,CAR2,424,46085.82,"1,38:5",CAR2,,,,,,,20694,,,
2,YMR088C,VBA1,562,62639.2196,"2,38:4",VBA1,,,,,,,20732,,,
2,YMR205C,PFK2,959,104617.2696,"1,38:5",PFK2,,,,,,,20745,,,
2,YMR217W,GUA1,525,58481.9775,"1,38:5",GUA1,,,,,,,20749,,,
2,YMR293C,---,464,50918.3559,"1,38:5",---,,,,,,,20763,,,
2,YKR058W,GLG1,480,69723.6781,"2,38:4",GLG1,,,,,,,20603,,,
2,YKR066C,CCP1,361,40352.7655,"2,38:4",CCP1,,,,4,1.11.1.5,,20605,,,
2,YMR011W,HXT2,541,59840.511,"1,38:5",HXT2,,,,,,,20721,,,
2,YNR043W,MVD1,396,44115.7366,"1,38:5",MVD1,,,,,,,20818,,,
2,YNR057C,BIO4,237,26256.7495,"1,38:5",BIO4,,,,,,,20821,,,
2,YOL059W,GPD2,440,49421.4793,"1,38:5",GPD2,,,,,,,20835,,,
2,YOR374W,ALD4,519,56723.404,"1,38:5",ALD4,,,,4,1.2.1.5,,20903,,,
2,YPL087W,YDC1,317,37230.678,"2,38:4",YDC1,,,,,,,20919,,,
2,YPL273W,SAM4,325,36668.4264,"1,38:5",SAM4,,,,,,,20947,,,
2,YBL045C,COR1,457,50227.5781,"1,38:5",COR1,,,,,,,20028,,,
2,YBR176W,ECM31,312,34464.8331,"1,38:5",ECM31,,,,,,,20074,,,
2,YBR252W,DUT1,147,15307.2481,"1,38:5",DUT1,,,,,,,20089,,,
2,YBR265W,TSC10,320,35972.3951,"1,38:5",TSC10,,,,4,1.1.1.102,,20092,,,
2,YBR293W,VBA2,474,51676.9043,"2,38:4",VBA2,,,,,,,20095,,,
2,YDR001C,NTH1,751,85878.8397,"1,38:5",NTH1,,,,,,,20166,,,
2,YDR261C,EXG2,562,63507.8287,"1,38:5",EXG2,,,,,,,20202,,,
2,YDR441C,APT2,181,19985.8698,"1,38:4",APT2,,,,,,,20237,,,
2,YER052C,HOM3,527,58109.4966,"1,38:5",HOM3,,,,,,,20280,,,
2,YER086W,ILV1,576,63830.898,"1,38:5",ILV1,,,,,,,20293,,,
2,YGR244C,LSC2,427,46900.4893,"1,38:5",LSC2,,,,,,,20398,,,
2,YGR289C,MAL11,616,67980.0387,"1,38:5",MAL11,,,,,,,20411,,,
2,YHR091C,MSR1,643,73693.7056,"1,38:5",MSR1,,,,,,,20441,,,
2,YIL078W,THS1,734,84520.1084,"1,38:5",THS1,,,,,,,20469,,,
2,YIL124W,AYR1,297,32813.8127,"2,38:3",AYR1,,,,,,,20476,,,
2,YJR158W,HXT15 /// HXT13 /// HXT16 /// HXT17,567,62920.1883,"1,38:5",HXT15 /// HXT13 /// HXT16 /// HXT17,,,,,,,20556,,,
2,YKL019W,RAM2,316,37507.573,"1,33:2",RAM2,,,,,,,20563,,,
2,YJR117W,STE24,453,52323.8757,"33,33:1",STE24,,,,,,,20546,,,
2,YLR459W,GAB1,394,44741.0424,"33,33:1",GAB1,,,,,,,20697,,,
2,YMR162C,DNF3,1656,188318.5809,"33,33:1",DNF3,,,,,,,20740,,,
2,YNL326C,PFA3,336,39183.391,"33,33:1",PFA3,,,,,,,20808,,,
2,YLL031C,GPI13,1017,115633.9588,"33,33:1",GPI13,,,,,,,20616,,,
2,YGL142C,GPI10,616,72565.4083,"33,33:1",GPI10,,,,,,,20339,,,
2,YLL015W,BPT1,1559,176873.3465,"33,33:1",BPT1,,,,,,,20613,,,
2,Q0250,,251,28567.0858,"1,38:5",,,,,,,,20006,,,
2,YAL044C,GCV3,170,18792.9433,"1,38:5",GCV3,,,,,,,20012,,,
2,YAR075W,IMD2,157,,"1,38:3",IMD2,,,,11,1.1.1.205,,20020,,,
2,YBL030C,PET9,318,34426.0624,"1,38:5",PET9,,,,,,,20024,,,
2,YBR029C,CDS1,457,51822.7195,"1,38:5",CDS1,,,,,,,20047,,,
2,YMR307W,GAS1,559,59582.1302,"2,38:3",GAS1,,,,,,,20769,,,
2,YNL003C,PET8,284,31026.7382,"2,38:4",PET8,,,,,,,20774,,,
2,YNL111C,CYB5,120,13296.8293,"2,38:4",CYB5,,,,,,,20785,,,
2,YOL136C,PFK27,397,45317.43,"1,38:5",PFK27,,,,,,,20849,,,
2,YOR071C,---,598,67193.2535,"1,38:5",---,,,,,,,20858,,,
2,YOR202W,HIS3,220,23833.0835,"1,38:5",HIS3,,,,,,,20884,,,
2,YOR245C,DGA1,418,47711.1188,"2,38:4",DGA1,,,,,,,20890,,,
2,YOR278W,HEM4,275,30911.4349,"1,38:5",HEM4,,,,,,,20893,,,
2,YOR303W,CPA1,411,45361.3642,"1,38:5",CPA1,,,,,,,20894,,,
2,YPL117C,IDI1,288,33351.4175,"1,38:5",IDI1,,,,,,,20926,,,
2,YPL281C,,437,47327.3979,"1,38:4",,,,,,,,20951,,,
2,YPR006C,ICL2,575,64975.67,"1,38:5",ICL2,,,,,,,20954,,,
2,YPR167C,MET16,261,30380.1654,"1,38:5",MET16,,,,,,,20977,,,
2,YCR010C,ADY2,283,30726.0132,"2,38:4",ADY2,,,,,,,20113,,,
2,YCR037C,PHO87,923,102539.3548,"1,38:5",PHO87,,,,,,,20122,,,
2,YDL080C,THI3,609,68366.1226,"2,38:4",THI3,,,,,,,20142,,,
2,YDL085W,NDE2,545,61658.9828,"1,38:5",NDE2,,,,,,,20143,,,
2,YDL100C,GET3,354,39353.5963,"1,38:5",GET3,,,,,,,20147,,,
2,YDL181W,INH1,85,9870.1211,"1,38:4",INH1,,,,,,,20156,,,
2,YDL215C,GDH2,1092,124331.5263,"1,38:5",GDH2,,,,,,,20162,,,
2,YDR204W,COQ4,335,38627.0061,"2,38:4",COQ4,,,,,,,20194,,,
2,YDR232W,HEM1,548,59362.0192,"1,38:5",HEM1,,,,,,,20197,,,
2,YDR272W,GLO2,274,31326.4251,"1,38:5",GLO2,,,,,,,20205,,,
2,YDR377W,ATP17,101,11312.0648,"1,38:5",ATP17,,,,,,,20226,,,
2,YDR384C,ATO3,275,30028.375,"2,38:4",ATO3,,,,,,,20228,,,
2,YEL021W,URA3,267,29239.3957,"1,38:5",URA3,,,,,,,20256,,,
2,YER119C,AVT6,448,48840.1824,"2,38:4",AVT6,,,,,,,20298,,,
2,YFL018C,LPD1,499,54009.8247,"1,38:5",LPD1,,,,10,1.8.1.4,,20309,,,
2,YGL001C,ERG26,349,38706.2164,"1,38:5",ERG26,,,,,,,20324,,,
2,YGL062W,PYC1,1178,130098.9504,"1,38:5",PYC1,,,,53,6.4.1.1,,20332,,,
2,YGL187C,COX4,155,17142.5079,"1,38:5",COX4,,,,,,,20345,,,
2,YGR209C,TRX2,104,11203.8465,"2,38:4",TRX2,,,,,,,20395,,,
2,YHL011C,PRS3,320,35123.6141,"1,38:5",PRS3,,,,,,,20414,,,
2,YHR128W,FUR1,216,24594.3768,"1,38:5",FUR1,,,,,,,20448,,,
2,YIL074C,SER33,469,51188.0519,"1,38:5",SER33,,,,,,,20468,,,
2,YJL139C,YUR1,428,50835.8528,"1,38:5",YUR1,,,,,,,20513,,,
2,YJR016C,ILV3,585,62860.882,"1,38:5",ILV3,,,,,,,20530,,,
2,YJR057W,CDC8,216,24687.2758,"1,38:5",CDC8,,,,6,2.7.4.9,,20536,,,
2,YKL132C,RMA1,430,48143.242,"1,38:5",RMA1,,,,,,,20578,,,
2,YKL181W,PRS1,427,47047.3155,"1,38:5",PRS1,,,,,,,20587,,,
2,YKL182W,FAS1,2051,228690.2446,"1,38:5",FAS1,,,,,,,20588,,,
2,YKR009C,FOX2,900,98702.6973,"1,38:5",FOX2,,,,,,,20599,,,
2,YLR151C,PCD1,340,39754.6567,"2,38:3",PCD1,,,,,,,20648,,,
2,YLR304C,ACO1,778,85367.8782,"1,38:5",ACO1,,,,9,4.2.1.3,,20675,,,
2,YLR343W,GAS2,555,62362.0396,"2,38:3",GAS2,,,,,,,20681,,,
2,YLR348C,DIC1,298,32991.4418,"1,38:5",DIC1,,,,,,,20682,,,
2,YML126C,ERG13,491,55013.298,"1,38:5",ERG13,,,,,,,20717,,,
2,YMR008C,PLB1,664,71667.1134,"2,38:4",PLB1,,,,,,,20719,,,
2,YMR013C,SEC59,519,58905.9402,"1,38:5",SEC59,,,,,,,20722,,,
2,YMR054W,STV1,890,101660.3926,"1,38:5",STV1,,,,,,,20726,,,
2,YMR056C,AAC1,309,34120.3906,"1,38:5",AAC1,,,,,,,20727,,,
2,YMR113W,FOL3,427,47850.9829,"1,38:5",FOL3,,,,,,,20736,,,
2,YLR017W,MEU1,337,37856.4414,"2,38:4",MEU1,,,,,,,20625,,,
2,YLR043C,TRX1,103,11234.948,"2,38:4",TRX1,,,,,,,20630,,,
2,YMR085W,---,432,48502.014,"1,38:4",---,,,,,,,20731,,,
2,YOL065C,INP54,384,43798.8157,"2,38:4",INP54,,,,,,,20838,,,
2,YPR062W,FCY1,158,17506.9548,"1,38:5",FCY1,,,,,,,20964,,,
2,YPR145W,ASN1,572,64470.0209,"1,38:5",ASN1,,,,,,,20973,,,
2,YBL033C,RIB1,345,38331.8131,"1,38:5",RIB1,,,,,,,20025,,,
2,YBR244W,GPX2,162,18406.0415,"1,38:5",GPX2,,,,9,1.11.1.15,,20086,,,
2,YDL205C,HEM3,327,36674.4698,"1,38:5",HEM3,,,,,,,20160,,,
2,YDR047W,HEM12,362,41348.8906,"1,38:5",HEM12,,,,,,,20175,,,
2,YDR345C,HXT3,567,62557.43,"1,38:5",HXT3,,,,,,,20220,,,
2,YER003C,PMI40,429,48188.5285,"1,38:5",PMI40,,,,,,,20271,,,
2,YDR538W,PAD1,242,26733.2007,"1,1:1",PAD1,,,,,,,20252,,,
2,YIL006W,YIA6,373,41954.2592,"33,33:1",YIA6,,,,,,,20460,,,
2,YCL038C,ATG22,528,58843.4822,"33,33:1",ATG22,,,,,,,20106,,,
2,YDL042C,SIR2,562,63261.6635,"33,33:1",SIR2,,,,,,,20135,,,
2,YDR196C,---,241,27339.669,"33,33:1",---,,,,,,,20193,,,
2,YMR278W,---,622,71068.7421,"32,33:2",---,,,,,,,20760,,,
2,YOR081C,TGL5,749,84715.5485,"33,33:1",TGL5,,,,,,,20860,,,
2,YGR227W,DIE2,525,61792.3881,"33,33:1",DIE2,,,,,,,20396,,,
2,YBR110W,ALG1,449,51928.815,"33,33:1",ALG1,,,,,,,20061,,,
2,YOR025W,HST3,447,50523.7996,"33,33:1",HST3,,,,,,,20855,,,
2,YNL325C,FIG4,879,101745.6768,"33,33:1",FIG4,,,,,,,20807,,,
2,YHR215W,,467,52699.5055,"32,32:1",,,,,,,,20457,,,
2,Q0130,---,76,7759.4108,"1,38:5",---,,,,,,,20005,,,
2,Q0275,,269,30359.5996,"1,38:5",,,,,,,,20007,,,
2,YAL012W,CYS3,394,42541.86,"1,38:5",CYS3,,,,,,,20008,,,
2,YBR020W,GAL1,528,57944.1146,"1,38:5",GAL1,,,,,,,20043,,,
2,YBR039W,ATP3,311,34350.4037,"1,38:5",ATP3,,,,,,,20052,,,
2,YBR069C,TAT1,619,68757.2913,"1,38:5",TAT1,,,,,,,20056,,,
2,YBR092C,PHO3,467,52776.3767,"1,38:5",PHO3,,,,,,,20059,,,
2,YMR303C,ADH2,348,36731.7676,"1,38:5",ADH2,,,,10,1.1.1.B4,,20767,,,
2,YMR313C,TGL3,642,73612.274,"2,38:4",TGL3,,,,,,,20770,,,
2,YNL247W,---,767,87529.8309,"1,38:5",---,,,,,,,20796,,,
2,YNL270C,ALP1,573,64013.2757,"1,38:5",ALP1,,,,,,,20800,,,
2,YNR072W,,564,62828.0904,"1,38:5",,,,,,,,20824,,,
2,YOL103W,ITR2,609,66709.891,"1,38:5",ITR2,,,,,,,20845,,,
2,YOL151W,GRE2,342,38169.3329,"2,38:4",GRE2,,,,,,,20852,,,
2,YOR100C,CRC1,327,34754.0757,"1,38:5",CRC1,,,,,,,20863,,,
2,YOR125C,CAT5,233,26059.574,"2,38:4",CAT5,,,,,,,20867,,,
2,YOR143C,THI80,319,36615.9382,"1,38:5",THI80,,,,,,,20873,,,
2,YOR209C,NPT1,429,49018.3691,"1,38:5",NPT1,,,,,,,20885,,,
2,YOR222W,ODC2,307,34006.8209,"1,38:5",ODC2,,,,,,,20887,,,
2,YPL069C,BTS1,335,38651.2704,"2,38:4",BTS1,,,,,,,20917,,,
2,YPL091W,GLR1,483,53440.6811,"1,38:5",GLR1,,,,,,,20920,,,
2,YPL092W,SSU1,458,52545.0506,"2,38:4",SSU1,,,,,,,20921,,,
2,YPL275W,,236,,"1,38:4",,,,,,,,20949,,,
2,YPR002W,PDH1,516,57683.3879,"2,38:4",PDH1,,,,,,,20953,,,
2,YPR033C,HTS1,546,59952.3317,"1,38:5",HTS1,,,,,,,20958,,,
2,YPR035W,GLN1,370,41765.8671,"1,38:5",GLN1,,,,,,,20959,,,
2,YPR074C,TKL1,680,73805.2833,"1,38:5",TKL1,,,,,,,20966,,,
2,YBR058C-A,TSC3,80,9579.2171,"2,38:4",TSC3,,,,,,,20054,,,
2,YCR034W,FEN1,347,40001.9469,"1,38:5",FEN1,,,,,,,20120,,,
2,YCR036W,RBK1,333,36923.8916,"1,38:5",RBK1,,,,,,,20121,,,
2,YCR053W,THR4,514,57473.9596,"1,38:5",THR4,,,,,,,20124,,,
2,YDL045C,FAD1,306,35546.0023,"1,38:5",FAD1,,,,,,,20136,,,
2,YDL055C,PSA1,361,39565.7272,"1,38:5",PSA1,,,,,,,20138,,,
2,YDL067C,COX9,59,6963.1938,"1,38:5",COX9,,,,,,,20140,,,
2,YDR074W,TPS2,896,102975.8027,"1,38:5",TPS2,,,,2,3.1.3.12,,20180,,,
2,YDR354W,TRP4,380,41374.2651,"1,38:5",TRP4,,,,,,,20222,,,
2,YDR529C,QCR7,127,14564.7191,"1,38:5",QCR7,,,,,,,20248,,,
2,YEL039C,CYC7,113,12532.2682,"2,38:4",CYC7,,,,,,,20260,,,
2,YER023W,PRO3,286,30131.7244,"1,38:5",PRO3,,,,,,,20276,,,
2,YFL045C,SEC53,254,29062.7709,"1,38:5",SEC53,,,,,,,20313,,,
2,YFR025C,HIS2,335,38581.6787,"1,38:5",HIS2,,,,,,,20318,,,
2,YFR055W,---,340,36971.2865,"1,38:4",---,,,,,,,20323,,,
2,YGL119W,ABC1,501,56741.3732,"2,38:4",ABC1,,,,,,,20337,,,
2,YGL154C,LYS5,272,30683.1003,"1,38:5",LYS5,,,,,,,20341,,,
2,YGL186C,TPN1,579,64546.1069,"1,38:5",TPN1,,,,,,,20344,,,
2,YGR124W,ASN2,572,64592.9627,"1,38:5",ASN2,,,,,,,20373,,,
2,YGR171C,MSM1,575,66734.1083,"1,38:5",MSM1,,,,,,,20381,,,
2,YGR202C,PCT1,424,49405.953,"1,38:5",PCT1,,,,,,,20392,,,
2,YGR286C,BIO2,375,41884.0634,"1,38:5",BIO2,,,,3,2.8.1.6,,20409,,,
2,YHR002W,LEU5,357,40825.0784,"2,38:4",LEU5,,,,,,,20420,,,
2,YHR018C,ARG4,463,51988.9293,"1,38:5",ARG4,,,,8,4.3.2.1,,20424,,,
2,YHR092C,HXT4,560,63909.8575,"1,38:5",HXT4,,,,,,,20442,,,
2,YIL043C,CBR1,322,31493.7149,"2,38:4",CBR1,,,,,,,20465,,,
2,YIL155C,GUT2,649,72388.6483,"1,38:5",GUT2,,,,,,,20480,,,
2,YIL172C,,589,68698.3239,"1,38:4",,,,,,,,20485,,,
2,YJL005W,CYR1,2026,227832.9813,"1,38:5",CYR1,,,,,,,20493,,,
2,YJL130C,URA2,2214,245039.7359,"1,38:5",URA2,,,,,,,20510,,,
2,YJL167W,ERG20,352,40483.2555,"1,38:5",ERG20,,,,,,,20517,,,
2,YJR010W,MET3,511,57724.208,"1,38:5",MET3,,,,,,,20528,,,
2,YJR077C,MIR1,311,32811.9474,"1,38:5",MIR1,,,,,,,20539,,,
2,YJR095W,SFC1,322,35340.1548,"1,38:5",SFC1,,,,,,,20541,,,
2,YKL026C,GPX1,167,19484.4848,"1,38:5",GPX1,,,,9,1.11.1.15,,20565,,,
2,YKL029C,MAE1,669,74375.6437,"1,38:5",MAE1,,,,,,,20566,,,
2,YKL120W,OAC1,324,35152.8811,"1,38:5",OAC1,,,,,,,20576,,,
2,YKL194C,MST1,462,54091.7877,"1,38:5",MST1,,,,,,,20592,,,
2,YLL028W,TPO1,586,64272.0392,"2,38:4",TPO1,,,,,,,20615,,,
2,YLR146C,SPE4,300,34090.6253,"1,38:5",SPE4,,,,,,,20647,,,
2,YLR157C,,362,38686.4158,"1,38:5",,,,,,,,20651,,,
2,YLR351C,NIT3,291,32549.098,"1,38:4",NIT3,,,,,,,20683,,,
2,YLR354C,TAL1,335,37036.2148,"1,38:5",TAL1,,,,,,,20684,,,
2,YLR372W,SUR4,345,39465.1371,"1,38:5",SUR4,,,,,,,20687,,,
2,YML086C,ALO1,526,59493.4268,"2,38:4",ALO1,,,,,,,20710,,,
2,YML096W,---,525,59469.2245,"1,38:3",---,,,,,,,20711,,,
2,YMR084W,---,262,29272.1509,"1,38:4",---,,,,,,,20730,,,
2,YMR215W,GAS3,524,56793.2575,"2,38:3",GAS3,,,,,,,20748,,,
2,YLL012W,YEH1,573,66507.5813,"2,38:4",YEH1,,,,,,,20612,,,
2,YMR318C,ADH6,360,39617.4038,"2,38:4",ADH6,,,,,,,20771,,,
2,YOL056W,GPM3,303,34863.2865,"1,38:4",GPM3,,,,,,,20833,,,
2,YPL036W,PMA2,947,102171.5711,"1,38:5",PMA2,,,,,,,20911,,,
2,YPL053C,KTR6,446,52127.8565,"1,38:5",KTR6,,,,,,,20913,,,
2,YBL013W,FMT1,401,44616.5649,"1,38:5",FMT1,,,,4,2.1.2.9,,20022,,,
2,YBR006W,UGA2,497,54189.049,"1,38:5",UGA2,,,,,,,20039,,,
2,YBR019C,GAL10,699,78194.921,"1,38:5",GAL10,,,,8,5.1.3.2,,20042,,,
2,YBR085W,AAC3,307,33312.766,"1,38:5",AAC3,,,,,,,20058,,,
2,YBR093C,PHO5,467,52858.3343,"2,38:4",PHO5,,,,,,,20060,,,
2,YBR199W,KTR4,464,54555.7625,"1,38:5",KTR4,,,,,,,20080,,,
2,YDR236C,FMN1,218,24536.9714,"1,38:5",FMN1,,,,,,,20199,,,
2,YDR380W,ARO10,635,71384.1325,"1,38:5",ARO10,,,,,,,20227,,,
2,YDR400W,URH1,340,37960.2391,"1,38:5",URH1,,,,3,3.2.2.3,,20230,,,
2,YGR043C,---,333,37253.4514,"1,38:4",---,,,,,,,20363,,,
2,YGR208W,SER2,309,34207.1638,"1,38:5",SER2,,,,,,,20394,,,
2,YHR137W,ARO9,513,58527.3682,"1,38:5",ARO9,,,,32,2.6.1.57,,20449,,,
2,YKL024C,URA6,204,22933.1116,"1,38:5",URA6,,,,,,,20564,,,
2,YKL104C,GFA1,717,80046.4261,"1,38:5",GFA1,,,,9,2.6.1.16,,20574,,,
2,YBR041W,FAT1,669,77140.5611,"1,38:5",FAT1,,,,,,,20053,,,
2,YMR101C,SRT1,343,40199.8602,"1,33:2",SRT1,,,,7,2.5.1.87,,20733,,,
2,YJR013W,GPI14,403,47166.098,"33,33:1",GPI14,,,,,,,20529,,,
2,YPL015C,HST2,357,39979.1503,"33,33:1",HST2,,,,,,,20908,,,
2,YDR126W,SWF1,336,39311.75,"33,33:1",SWF1,,,,,,,20184,,,
2,YDR191W,HST4,370,41765.1504,"33,33:1",HST4,,,,,,,20192,,,
2,YDR434W,GPI17,534,60813.8528,"33,33:1",GPI17,,,,,,,20236,,,
2,YKR089C,TGL4,910,102716.1233,"33,33:1",TGL4,,,,8,3.1.1.3,,20609,,,
2,YLR410W,VIP1,1146,129754.6734,"33,33:1",VIP1,,,,,,,20691,,,
2,YCR105W,ADH7,361,39348.3373,"33,33:1",ADH7,,,,,,,20129,,,
2,YDR264C,AKR1,764,85839.8686,"33,33:1",AKR1,,,,,,,20203,,,
2,YER166W,DNF1,1571,177797.4107,"33,33:1",DNF1,,,,,,,20300,,,
2,YCR020C-A,MAK31,88,9724.5351,"33,33:1",MAK31,,,,,,,20115,,,
2,YHR013C,ARD1,238,27603.079,"32,32:1",ARD1,,,,,,,20423,,,
2,Q0080,,48,5822.2378,"1,38:5",,,,,,,,20002,,,
2,YBR011C,IPP1,287,32299.4167,"1,38:5",IPP1,,,,,,,20040,,,
2,YBR166C,TYR1,452,50923.1061,"1,38:5",TYR1,,,,3,1.3.1.12,,20073,,,
2,YBR256C,RIB5,238,26195.6853,"1,38:5",RIB5,,,,,,,20090,,,
2,YBR294W,SUL1,859,95950.5217,"1,38:5",SUL1,,,,,,,20096,,,
2,YNL117W,MLS1,554,62790.8745,"1,38:5",MLS1,,,,,,,20786,,,
2,YNR050C,LYS9,446,48917.6314,"1,38:5",LYS9,,,,,,,20819,,,
2,YOR040W,GLO4,285,32338.7441,"1,38:5",GLO4,,,,,,,20856,,,
2,YOR171C,LCB4,624,69639.056,"1,38:5",LCB4,,,,,,,20877,,,
2,YOR270C,VPH1,840,95528.3994,"1,38:5",VPH1,,,,,,,20891,,,
2,YOR317W,FAA1,700,77865.9848,"1,38:5",FAA1,,,,,,,20895,,,
2,YPL078C,ATP4,244,26924.9625,"1,38:5",ATP4,,,,,,,20918,,,
2,YPL104W,MSD1,658,75460.3892,"1,38:5",MSD1,,,,,,,20923,,,
2,YPL148C,PPT2,173,19973.0959,"1,38:5",PPT2,,,,,,,20929,,,
2,YPL258C,THI21,551,61334.0717,"1,38:5",THI21,,,,,,,20941,,,
2,YPR191W,QCR2,368,40477.9223,"1,38:5",QCR2,,,,,,,20981,,,
2,YOL077W-A,,68,7533.7399,"1,38:4",,,,,,,,20841,,,
2,YCL069W,,458,50225.2119,"2,38:4",,,,,,,,20111,,,
2,YCR005C,CIT2,460,51413.0559,"1,38:5",CIT2,,,,,,,20112,,,
2,YCR098C,GIT1,518,57321.4819,"1,38:5",GIT1,,,,,,,20128,,,
2,YDL093W,PMT5,743,84775.5361,"1,38:5",PMT5,,,,23,2.4.1.109,,20145,,,
2,YDR023W,SES1,462,53309.3436,"1,38:5",SES1,,,,,,,20170,,,
2,YDR046C,BAP3,604,67364.7727,"1,38:5",BAP3,,,,,,,20174,,,
2,YDR058C,TGL2,326,37500.0373,"2,38:4",TGL2,,,,,,,20177,,,
2,YDR242W,AMD2,549,61409.926,"1,38:4",AMD2,,,,,,,20200,,,
2,YDR297W,SUR2,349,40734.0786,"1,38:5",SUR2,,,,,,,20209,,,
2,YDR321W,ASP1,381,41395.0604,"1,38:5",ASP1,,,,,,,20215,,,
2,YDR402C,DIT2,489,56070.9601,"2,38:4",DIT2,,,,,,,20231,,,
2,YDR513W,GRX2,143,15861.4032,"2,38:4",GRX2,,,,,,,20247,,,
2,YDR531W,---,367,40903.0166,"1,38:5",---,,,,,,,20250,,,
2,YEL038W,UTR4,241,25187.3025,"2,38:4",UTR4,,,,,,,20259,,,
2,YEL042W,GDA1,518,56821.4008,"1,38:5",GDA1,,,,,,,20262,,,
2,YER014W,HEM14,539,59702.638,"1,38:5",HEM14,,,,,,,20273,,,
2,YER099C,PRS2,318,34764.824,"1,38:5",PRS2,,,,,,,20297,,,
2,YFR019W,FAB1,2278,257418.589,"1,38:5",FAB1,,,,5,2.7.1.150,,20317,,,
2,YFR030W,MET10,1035,114827.9687,"1,38:5",MET10,,,,,,,20319,,,
2,YGL067W,NPY1,384,43516.3127,"1,38:5",NPY1,,,,13,3.6.1.22,,20334,,,
2,YGL256W,ADH4,465,41141.9306,"1,38:5",ADH4,,,,,,,20355,,,
2,YGR055W,MUP1,574,63221.0022,"1,38:5",MUP1,,,,,,,20364,,,
2,YGR088W,CTT1,573,64583.0429,"1,38:5",CTT1,,,,,,,20369,,,
2,YGR121C,MEP1,492,54201.9165,"1,38:5",MEP1,,,,,,,20372,,,
2,YGR155W,CYS4,507,56021.6033,"1,38:5",CYS4,,,,,,,20378,,,
2,YGR191W,HIP1,603,66006.0954,"1,38:5",HIP1,,,,,,,20387,,,
2,YGR267C,FOL2,243,27768.9678,"1,38:5",FOL2,,,,,,,20406,,,
2,YGR287C,---,589,68591.2198,"1,38:5",---,,,,,,,20410,,,
2,YHR183W,GND1,489,53543.0355,"1,38:5",GND1,,,,,,,20453,,,
2,YIL066C,RNR3,869,97514.2918,"1,38:5",RNR3,,,,,,,20467,,,
2,YIL134W,FLX1,311,34409.054,"1,38:5",FLX1,,,,,,,20478,,,
2,YJL045W,---,634,69382.2065,"1,38:5",---,,,,,,,20496,,,
2,YJL052W,TDH1,332,35749.7829,"1,38:5",TDH1,,,,17,1.2.1.12,,20497,,,
2,YJL088W,ARG3,338,37845.0924,"1,38:5",ARG3,,,,,,,20502,,,
2,YJL221C,FSP2,589,68698.3239,"1,38:4",FSP2,,,,,,,20525,,,
2,YJR133W,XPT1,209,23671.0754,"1,38:5",XPT1,,,,,,,20549,,,
2,YJR153W,PGU1,361,37286.7104,"2,38:4",PGU1,,,,,,,20555,,,
2,YJR159W,SOR2 /// SOR1,357,38165.4838,"1,38:5",SOR2 /// SOR1,,,,,,,20557,,,
2,YKL055C,OAR1,278,31183.8916,"1,38:5",OAR1,,,,,,,20568,,,
2,YKL080W,VMA5,392,44188.2933,"1,38:5",VMA5,,,,,,,20571,,,
2,YKL141W,SDH3,198,22067.8883,"1,38:5",SDH3,,,,,,,20580,,,
2,YKL212W,SAC1,623,71124.262,"2,38:4",SAC1,,,,1,3.1.3.B4,,20595,,,
2,YKR067W,GPT2,743,83644.5012,"2,38:4",GPT2,,,,,,,20606,,,
2,YKR097W,PCK1,549,60982.9929,"1,38:5",PCK1,,,,,,,20611,,,
2,YLL052C,AQY2,149,17024.1668,"2,38:4",AQY2,,,,,,,20620,,,
2,YLR020C,YEH2,538,62446.2573,"2,38:4",YEH2,,,,,,,20626,,,
2,YLR060W,FRS1,595,67364.708,"1,38:5",FRS1,,,,,,,20634,,,
2,YLR092W,SUL2,893,99650.3146,"1,38:5",SUL2,,,,,,,20639,,,
2,YML008C,ERG6,383,43430.6577,"1,38:5",ERG6,,,,,,,20699,,,
2,YML022W,APT1,187,20586.7528,"1,38:5",APT1,,,,,,,20700,,,
2,YMR120C,ADE17,592,65263.0013,"1,38:5",ADE17,,,,,,,20738,,,
2,YMR145C,NDE1,560,62773.8747,"1,38:5",NDE1,,,,,,,20739,,,
2,YMR170C,ALD2,506,55187.6342,"1,38:5",ALD2,,,,,,,20742,,,
2,YMR246W,FAA4,694,77266.807,"1,38:5",FAA4,,,,,,,20753,,,
2,YMR261C,TPS3,1054,118834.5998,"1,38:5",TPS3,,,,,,,20756,,,
2,YLR081W,GAL2,574,63625.7202,"1,38:5",GAL2,,,,,,,20636,,,
2,YLR189C,ATG26,1198,136053.7328,"2,38:4",ATG26,,,,25,2.4.1.173,,20658,,,
2,YMR105C,PGM2,569,63088.2439,"1,38:5",PGM2,,,,4,5.4.2.2,,20734,,,
2,YMR220W,ERG8,451,50454.6612,"1,38:5",ERG8,,,,,,,20750,,,
2,YMR272C,SCS7,384,44881.2831,"1,38:5",SCS7,,,,,,,20759,,,
2,YNL037C,IDH1,360,39323.8582,"1,38:5",IDH1,,,,7,1.1.1.41,,20777,,,
2,YOR388C,FDH1 /// FDH2,376,41714.1334,"1,38:5",FDH1 /// FDH2,,,,,,,20906,,,
2,YPL172C,COX10,462,52147.4641,"1,38:5",COX10,,,,,,,20931,,,
2,YPL231W,FAS2,1887,206946.062,"1,38:5",FAS2,,,,,,,20937,,,
2,YER060W-A,FCY22,530,57327.0923,"1,38:5",FCY22,,,,,,,20285,,,
2,YBL076C,ILS1,1072,122982.9098,"1,38:5",ILS1,,,,,,,20031,,,
2,YBL099W,ATP1,545,58607.7013,"1,38:5",ATP1,,,,,,,20034,,,
2,YDL238C,GUD1,489,55203.3848,"2,38:4",GUD1,,,,8,3.5.4.3,,20163,,,
2,YDR062W,LCB2,561,63110.6051,"1,38:5",LCB2,,,,,,,20178,,,
2,YDR178W,SDH4,181,20248.5155,"1,38:5",SDH4,,,,9,1.3.5.1,,20191,,,
2,YDR368W,YPR1,312,34754.8541,"2,38:4",YPR1,,,,,,,20224,,,
2,YEL011W,GLC3,704,81115.1665,"1,38:4",GLC3,,,,,,,20254,,,
2,YER015W,FAA2,744,83437.6057,"1,38:5",FAA2,,,,,,,20274,,,
2,YGR147C,NAT2,288,32804.3029,"1,38:3",NAT2,,,,,,,20377,,,
2,YHR007C,ERG11,530,60719.9692,"1,38:5",ERG11,,,,,,,20421,,,
2,YKL035W,UGP1,499,55987.6865,"1,38:5",UGP1,,,,,,,20567,,,
2,YDR410C,STE14,239,27887.5388,"33,33:1",STE14,,,,,,,20234,,,
2,YNR067C,DSE4,1117,121063.9151,"33,33:1",DSE4,,,,,,,20823,,,
2,Q0105,,385,43655.7368,"1,38:5",,,,,,,,20004,,,
2,YAL022C,FUN26,517,58317.0769,"2,38:4",FUN26,,,,,,,20009,,,
2,YBR036C,CSG2,410,45441.9577,"1,38:5",CSG2,,,,,,,20050,,,
2,YBR145W,ADH5,351,37647.9785,"1,38:5",ADH5,,,,,,,20068,,,
2,YBR205W,KTR3,404,47482.1624,"1,38:5",KTR3,,,,,,,20081,,,
2,YNL029C,KTR5,522,61727.6286,"1,38:5",KTR5,,,,,,,20776,,,
2,YNL052W,COX5A,153,17140.4185,"1,38:5",COX5A,,,,,,,20779,,,
2,YNL318C,HXT14,540,60978.4083,"1,38:5",HXT14,,,,,,,20805,,,
2,YNR019W,ARE2,642,74022.6142,"2,38:4",ARE2,,,,,,,20814,,,
2,YOL097C,WRS1,432,49350.1106,"1,38:5",WRS1,,,,,,,20844,,,
2,YOR099W,KTR1,393,46021.8634,"1,38:5",KTR1,,,,,,,20862,,,
2,YOR120W,GCY1,312,35078.9843,"2,38:4",GCY1,,,,,,,20866,,,
2,YOR136W,IDH2,369,39739.2682,"1,38:5",IDH2,,,,7,1.1.1.41,,20871,,,
2,YOR323C,PRO2,456,49740.2616,"1,38:5",PRO2,,,,,,,20897,,,
2,YOR348C,PUT4,627,68787.2457,"1,38:5",PUT4,,,,,,,20901,,,
2,YPL040C,ISM1,1002,115793.066,"1,38:5",ISM1,,,,,,,20912,,,
2,YCR083W,TRX3,127,14432.0693,"2,38:4",TRX3,,,,63,1.8.1.9,,20127,,,
2,YDL040C,NAT1,854,98904.7554,"1,38:4",NAT1,,,,,,,20134,,,
2,YDL141W,BPL1,690,76362.637,"2,38:4",BPL1,,,,,,,20150,,,
2,YDL174C,DLD1,587,65292.2896,"1,38:5",DLD1,,,,,,,20154,,,
2,YDL245C,,567,62931.2574,"1,38:5",,,,,,,,20164,,,
2,YDR268W,MSW1,379,43015.2514,"1,38:5",MSW1,,,,,,,20204,,,
2,YDR341C,---,607,69524.6979,"1,38:5",---,,,,,,,20217,,,
2,YDR353W,TRR1,319,34237.9554,"1,38:5",TRR1,,,,12,1.8.1.9,,20221,,,
2,YDR428C,---,261,29991.2284,"2,2:1",---,,,,,,,20235,,,
2,YDR536W,STL1,569,63531.5915,"1,38:5",STL1,,,,,,,20251,,,
2,YEL069C,,564,62733.9784,"1,38:5",,,,,,,,20269,,,
2,YER019W,ISC1,477,53940.27,"2,38:4",ISC1,,,,,,,20275,,,
2,YFL017C,GNA1,159,18134.8405,"1,38:5",GNA1,,,,6,2.3.1.4,,20308,,,
2,YFL022C,FRS2,503,57511.1791,"1,38:5",FRS2,,,,,,,20310,,,
2,YFR015C,GSY1,708,80509.891,"1,38:5",GSY1,,,,,,,20316,,,
2,YGL234W,,802,86067.6772,"1,38:5",,,,,,,,20351,,,
2,YGR194C,XKS1,600,68320.6849,"1,38:5",XKS1,,,,2,2.7.1.17,,20390,,,
2,YGR240C,PFK1,987,107969.8024,"1,38:5",PFK1,,,,10,2.7.1.11,,20397,,,
2,YGR264C,MES1,751,85677.6886,"1,38:5",MES1,,,,,,,20405,,,
2,YHL003C,LAG1,411,48454.2871,"2,38:4",LAG1,,,,,,,20413,,,
2,YHR104W,GRE3,327,37118.6079,"1,38:5",GRE3,,,,7,1.1.1.21,,20445,,,
2,YIL013C,PDR11,1411,160536.9397,"2,38:4",PDR11,,,,,,,20463,,,
2,YIL168W,---,127,,"1,38:4",---,,,,,,,20484,,,
2,YIR029W,DAL2,343,38713.5874,"1,38:5",DAL2,,,,,,,20488,,,
2,YJL026W,RNR2,399,46147.2267,"1,38:5",RNR2,,,,,,,20494,,,
2,YJL134W,LCB3,409,47371.5887,"1,38:5",LCB3,,,,,,,20511,,,
2,YJL214W,HXT8,569,63492.3451,"1,38:5",HXT8,,,,,,,20522,,,
2,YJR001W,AVT1,602,65345.859,"2,38:4",AVT1,,,,,,,20526,,,
2,YJR109C,CPA2,1118,123914.7788,"1,38:5",CPA2,,,,,,,20544,,,
2,YJR143C,PMT4,762,87965.848,"1,38:5",PMT4,,,,19,2.4.1.109,,20552,,,
2,YKL085W,MDH1,334,35649.8016,"1,38:5",MDH1,,,,158,1.1.1.37,,20572,,,
2,YKR093W,PTR2,601,68043.3226,"1,38:4",PTR2,,,,,,,20610,,,
2,YLL057C,JLP1,412,46982.4271,"2,38:4",JLP1,,,,,,,20621,,,
2,YLR011W,LOT6,191,21280.506,"2,38:4",LOT6,,,,,,,20624,,,
2,YLR070C,XYL2,356,38600.2618,"1,38:5",XYL2,,,,,,,20635,,,
2,YLR160C,,362,38686.4158,"1,38:5",,,,,,,,20653,,,
2,YLR164W,---,168,18631.6974,"1,38:4",---,,,,,,,20654,,,
2,YLR174W,IDP2,412,46562.0772,"1,38:5",IDP2,,,,68,1.1.1.42,,20656,,,
2,YLR201C,COQ9,260,29958.3513,"2,38:4",COQ9,,,,,,,20660,,,
2,YLR245C,CDD1,142,15536.0334,"1,38:5",CDD1,,,,,,,20665,,,
2,YLR295C,ATP14,124,14127.753,"1,38:5",ATP14,,,,,,,20671,,,
2,YLR395C,COX8,78,8906.6376,"1,38:5",COX8,,,,,,,20690,,,
2,YLR450W,HMG2,1045,115691.4923,"1,38:5",HMG2,,,,,,,20696,,,
2,YML035C,AMD1,810,93301.183,"1,38:5",AMD1,,,,,,,20701,,,
2,YML059C,NTE1,1679,187132.0262,"2,38:4",NTE1,,,,,,,20705,,,
2,YML110C,COQ5,307,34684.4042,"1,38:5",COQ5,,,,2,2.1.1.201,,20714,,,
2,YML123C,PHO84,587,64381.8684,"1,38:5",PHO84,,,,,,,20716,,,
2,YMR015C,ERG5,538,61334.1652,"1,38:5",ERG5,,,,,,,20723,,,
2,YMR271C,URA10,227,24810.4811,"1,38:5",URA10,,,,,,,20758,,,
2,YKL217W,JEN1,616,69375.9728,"1,38:5",JEN1,,,,,,,20597,,,
2,YLR153C,ACS2,683,75491.2843,"1,38:5",ACS2,,,,,,,20649,,,
2,YMR020W,FMS1,508,57805.408,"2,38:4",FMS1,,,,,,,20724,,,
2,YMR062C,ECM40,441,47848.6062,"1,38:5",ECM40,,,,,,,20728,,,
2,YMR296C,LCB1,558,62206.8985,"1,38:5",LCB1,,,,,,,20764,,,
2,YMR323W,ERR3 /// ERR1 /// ERR2,437,47312.4295,"1,38:4",ERR3 /// ERR1 /// ERR2,,,,,,,20773,,,
2,YNR013C,PHO91,894,99489.9931,"1,38:5",PHO91,,,,,,,20812,,,
2,YNR033W,ABZ1,787,88543.8137,"1,38:5",ABZ1,,,,,,,20815,,,
2,YOL096C,COQ3,312,36330.7735,"1,38:5",COQ3,,,,1,2.1.1.114,2.1.1.64,20843,2,,
2,YPL061W,ALD6,500,54413.9498,"1,38:5",ALD6,,,,,,,20916,,,
2,YPL147W,PXA1,870,100024.9319,"1,38:5",PXA1,,,,,,,20928,,,
2,YPR026W,ATH1,1211,136919.9514,"1,38:5",ATH1,,,,8,3.2.1.28,,20957,,,
2,YPR128C,ANT1,328,36367.1803,"1,38:5",ANT1,,,,5,3.6.3.47,,20970,,,
2,YAR035W,YAT1,687,77765.1924,"1,38:5",YAT1,,,,,,,20017,,,
2,YBR034C,HMT1,348,39785.9535,"1,38:5",HMT1,,,,,,,20048,,,
2,YBR132C,AGP2,596,67261.6938,"1,38:5",AGP2,,,,,,,20067,,,
2,YBR218C,PYC2,1180,130166.1464,"1,38:5",PYC2,,,,12,6.4.1.1,,20084,,,
2,YDR158W,HOM2,365,39543.5381,"1,38:5",HOM2,,,,,,,20189,,,
2,YDR226W,ADK1,222,24254.6733,"1,38:5",ADK1,,,,,,,20196,,,
2,YDR497C,ITR1,584,63569.4504,"1,38:5",ITR1,,,,,,,20243,,,
2,YDR508C,GNP1,663,73597.7469,"1,38:5",GNP1,,,,,,,20246,,,
2,YEL027W,CUP5,160,16350.5564,"1,38:5",CUP5,,,,,,,20258,,,
2,YGR020C,VMA7,118,13461.1325,"1,38:5",VMA7,,,,,,,20360,,,
2,YGR170W,PSD2,1138,130064.426,"1,38:5",PSD2,,,,9,4.1.1.65,,20380,,,
2,YGR254W,ENO1,437,46815.9099,"1,38:5",ENO1 /// ENO2,,,,,,,20401,,,
2,YHR026W,PPA1,213,22595.6498,"1,38:5",PPA1,,,,,,,20428,,,
2,YIL053W,RHR2,271,27946.7709,"1,38:5",RHR2,,,,,,,20466,,,
2,YJR066W,TOR1,2470,281138.5745,"1,38:4",TOR1,,,,,,,20537,,,
2,YJR137C,ECM17,1442,161218.2816,"1,38:5",ECM17,,,,,,,20550,,,
2,YKL174C,TPO5,618,69242.4438,"2,38:4",TPO5,,,,,,,20586,,,
2,YBR291C,CTP1,299,32173.182,"1,38:5",CTP1,,,,,,,20094,,,
2,YPL266W,DIM1,318,35950.6993,"1,1:1",DIM1,,,,1,2.1.1.183,,20944,,,
2,YJL129C,TRK1,1235,141072.6924,"33,33:1",TRK1,,,,9,6.1.1.6,,20509,,,
2,YBL082C,ALG3,458,52860.7595,"33,33:1",ALG3,,,,2,2.4.1.258,,20032,,,
2,YDR093W,DNF2,1612,182617.8112,"33,33:1",DNF2,,,,,,,20181,,,
2,YJL100W,LSB6,607,70216.6027,"33,33:1",LSB6,,,,6,2.7.1.67,,20505,,,
2,YPR051W,MAK3,176,20456.7668,"33,33:1",MAK3,,,,,,,20962,,,
2,YAL023C,PMT2,759,86869.3994,"1,38:5",PMT2,,,,21,2.4.1.109,,20010,,,
2,YBL015W,ACH1,526,58711.6752,"1,38:5",ACH1,,,,8,3.1.2.1,,20023,,,
2,YBR001C,NTH2,780,89678.9401,"1,38:5",NTH2,,,,,,,20035,,,
2,YBR003W,COQ1,473,52559.3001,"1,38:5",COQ1,,,,,,,20037,,,
2,YBR115C,LYS2,1392,155344.888,"1,38:5",LYS2,,,,,,,20062,,,
2,YBR117C,TKL2,681,75029.0586,"1,38:5",TKL2,,,,,,,20063,,,
2,YBR149W,ARA1,344,38883.3693,"1,38:5",ARA1,,,,2,1.1.1.B20,,20069,,,
2,YBR161W,CSH1,376,44381.7722,"2,38:4",CSH1,,,,,,,20072,,,
2,YBR208C,,1835,201831.2621,"1,38:5",,,,,,,,20082,,,
2,YBR249C,ARO4,370,39748.9878,"1,38:5",ARO4,,,,,,,20088,,,
2,YBR284W,---,797,92903.5488,"1,38:4",---,,,,,,,20093,,,
2,YNL101W,AVT4,713,80025.5038,"2,38:4",AVT4,,,,,,,20782,,,
2,YNL104C,LEU4,619,68408.6075,"1,38:5",LEU4,,,,,,,20783,,,
2,YNR058W,BIO3,480,53708.5126,"1,38:5",BIO3,,,,,,,20822,,,
2,YOL011W,PLB3,686,75076.7316,"2,38:4",PLB3,,,,,,,20826,,,
2,YOL156W,,567,62732.4846,"1,38:5",,,,,,,,20853,,,
2,YOR074C,CDC21,259,35047.1257,"1,38:5",CDC21,,,,,,,20859,,,
2,YOR176W,HEM15,393,44595.9007,"1,38:5",HEM15,,,,,,,20879,,,
2,YOR241W,MET7,548,62151.1754,"1,38:5",MET7,,,,,,,20889,,,
2,YOR347C,PYK2,506,55195.0022,"1,38:5",PYK2,,,,,,,20900,,,
2,YOR375C,GDH1,454,49569.7492,"1,38:5",GDH1,,,,,,,20904,,,
2,YPL189W,GUP2,609,71288.3471,"2,38:4",GUP2,,,,,,,20933,,,
2,YPR184W,GDB1,1536,174970.8198,"2,38:4",GDB1,,,,,,,20980,,,
2,YML081C-A,ATP18,59,6687.7526,"1,38:5",ATP18,,,,,,,20708,,,
2,YCR032W,BPH1,2167,250871.08,"1,38:5",BPH1,,,,,,,20119,,,
2,YDL004W,ATP16,160,17020.328,"1,38:5",ATP16,,,,,,,20130,,,
2,YDL168W,SFA1,386,41041.9337,"1,38:5",SFA1,,,,,,,20152,,,
2,YDR148C,KGD2,463,50430.4866,"1,38:5",KGD2,,,,,,,20188,,,
2,YDR300C,PRO1,428,47161.9153,"1,38:5",PRO1,,,,,,,20211,,,
2,YDR305C,HNT2,217,24784.1957,"1,38:5",HNT2,,,,,,,20213,,,
2,YEL051W,VMA8,256,29193.8823,"1,38:5",VMA8,,,,,,,20265,,,
2,YER043C,SAH1,449,49125.3513,"1,38:5",SAH1,,,,9,3.3.1.1,,20279,,,
2,YER081W,SER3,469,51193.018,"1,38:5",SER3,,,,,,,20292,,,
2,YER174C,GRX4,244,27492.7697,"2,38:4",GRX4,,,,,,,20302,,,
2,YFL030W,AGX1,385,41907.0058,"1,38:5",AGX1,,,,,,,20312,,,
2,YFL053W,DAK2,591,62134.3366,"1,38:5",DAK2,,,,,,,20314,,,
2,YGL008C,PMA1,918,99618.9796,"1,38:5",PMA1,,,,,,,20325,,,
2,YGL077C,HNM1,563,62055.8237,"1,38:5",HNM1,,,,,,,20335,,,
2,YGL205W,POX1,748,84041.809,"1,38:5",POX1,,,,,,,20348,,,
2,YGR094W,VAS1,1104,125769.1968,"1,38:5",VAS1,,,,,,,20370,,,
2,YGR138C,---,614,67588.2808,"2,38:4",---,,,,,,,20375,,,
2,YGR256W,GND2,492,53922.6081,"1,38:5",GND2,,,,,,,20403,,,
2,YHR216W,IMD2,523,56529.7487,"1,38:5",IMD2,,,,11,1.1.1.205,,20458,,,
2,YIR031C,DAL7,554,62793.7619,"1,38:5",DAL7,,,,,,,20489,,,
2,YIR032C,DAL3,195,21726.6377,"1,38:5",DAL3,,,,,,,20490,,,
2,YJL068C,---,299,33934.0562,"1,38:5",---,,,,,,,20499,,,
2,YJL071W,ARG2,574,65609.8491,"1,38:5",ARG2,,,,,,,20501,,,
2,YJL137C,GLG2,380,44545.8066,"2,38:4",GLG2,,,,,,,20512,,,
2,YJL196C,ELO1,310,36233.7271,"2,38:4",ELO1,,,,,,,20518,,,
2,YJL200C,ACO2,789,86582.85,"1,38:4",ACO2,,,,,,,20520,,,
2,YJR051W,OSM1,501,55064.9253,"1,38:5",OSM1,,,,,,,20535,,,
2,YJR152W,DAL5,543,60849.9075,"1,38:5",DAL5,,,,,,,20554,,,
2,YKL001C,MET14,202,23060.3246,"1,38:5",MET14,,,,,,,20559,,,
2,YKL106W,AAT1,451,51795.2095,"1,38:5",AAT1,,,,,,,20575,,,
2,YKL150W,MCR1,302,34137.7382,"2,38:4",MCR1,,,,,,,20583,,,
2,YKL152C,GPM1,247,27608.408,"1,38:5",GPM1,,,,,,,20584,,,
2,YKL203C,TOR2,2474,281566.6832,"1,38:4",TOR2,,,,,,,20593,,,
2,YKR039W,GAP1,602,65655.2525,"1,38:5",GAP1,,,,6,3.6.3.21,,20601,,,
2,YKR053C,YSR3,404,46487.9626,"1,38:5",YSR3,,,,,,,20602,,,
2,YLR109W,AHP1,176,19114.5917,"2,38:4",AHP1,,,,,,,20641,,,
2,YLR172C,DPH5,300,33847.25,"1,38:5",DPH5,,,,,,,20655,,,
2,YLR195C,NMT1,455,52837.299,"1,38:5",NMT1,,,,,,,20659,,,
2,YLR300W,EXG1,448,51310.7448,"1,38:5",EXG1,,,,2,3.2.1.58,,20673,,,
2,YLR342W,FKS1,1876,214850.1193,"1,38:5",FKS1,,,,,,,20680,,,
2,YLR377C,FBP1,348,38262.4318,"1,38:5",FBP1,,,,,,,20688,,,
2,YML082W,---,649,74313.085,"1,38:4",---,,,,,,,20709,,,
2,YML106W,URA5,226,24664.3823,"1,38:5",URA5,,,,,,,20713,,,
2,YMR009W,ADI1,179,20879.2814,"2,38:4",ADI1,,,,3,1.13.11.53,,20720,,,
2,YMR289W,---,374,42639.6641,"2,38:4",---,,,,,,,20762,,,
2,YLR028C,ADE16,591,65282.1364,"1,38:5",ADE16,,,,,,,20628,,,
2,YLR155C,ASP3-1 /// ASP3-2 /// ASP3-3 /// ASP3-4,362,38686.4158,"1,38:5",ASP3-1 /// ASP3-2 /// ASP3-3 /// ASP3-4,,,,,,,20650,,,
2,YLR209C,PNP1,311,33754.7722,"1,38:5",PNP1,,,,,,,20661,,,
2,YMR006C,PLB2,706,75455.1879,"2,38:4",PLB2,,,,,,,20718,,,
2,YNL106C,INP52,1183,133330.5137,"2,38:4",INP52,,,,,,,20784,,,
2,YNL129W,NRK1,240,27689.4372,"2,38:4",NRK1,,,,,,,20787,,,
2,YNL241C,ZWF1,505,57521.2876,"1,38:5",ZWF1,,,,,,,20795,,,
2,YNL277W,MET2,486,53659.2762,"1,38:5",MET2,,,,,,,20801,,,
2,YPL097W,MSY1,492,55287.1809,"1,38:5",MSY1,,,,,,,20922,,,
2,YPL265W,DIP5,608,68097.1556,"1,38:5",DIP5,,,,,,,20943,,,
2,YPR159W,KRE6,720,80122.4964,"2,38:4",KRE6,,,,,,,20975,,,
2,YBR121C,GRS1,667,75338.4808,"1,38:5",GRS1,,,,18,6.1.1.14,,20064,,,
2,YBR184W,---,523,60642.6191,"1,38:4",---,,,,,,,20077,,,
2,YDR298C,ATP5,212,22814.2858,"1,38:5",ATP5,,,,,,,20210,,,
2,YDR342C,HXT7 /// HXT6,570,62734.8653,"1,38:5",HXT7 /// HXT6,,,,,,,20218,,,
2,YEL058W,PCM1,557,62066.4701,"1,38:5",PCM1,,,,,,,20267,,,
2,YER091C,MET6,767,85859.5063,"1,38:5",MET6,,,,,,,20296,,,
2,YGR177C,ATF2,535,61897.7821,"2,38:4",ATF2,,,,,,,20383,,,
2,YHR051W,COX6,148,17341.5192,"1,38:5",COX6,,,,,,,20435,,,
2,YKL067W,YNK1,153,17166.5957,"1,38:5",YNK1,,,,,,,20570,,,
2,YPR121W,THI22,572,63297.8489,"1,38:5",THI22,,,,,,,20969,,,
2,YGL155W,CDC43,376,42689.4122,"1,33:2",CDC43,,,,,,,20342,,,
2,YHR188C,GPI16,610,68771.132,"33,33:1",GPI16,,,,,,,20454,,,
2,YBR159W,---,347,38707.9946,"33,33:1",---,,,,,,,20071,,,
2,YDR367W,---,221,25483.7796,"33,33:1",---,,,,,,,20223,,,
2,YMR041C,---,335,38220.2795,"33,33:1",---,,,,,,,20725,,,
2,YOL003C,---,378,44488.0765,"33,33:1",---,,,,,,,20825,,,
2,YOL110W,SHR5,237,26541.582,"33,33:1",SHR5,,,,,,,20846,,,
2,YNL323W,LEM3,414,47437.3839,"33,33:1",LEM3,,,,,,,20806,,,
2,Q0045,,534,58797.8547,"1,38:5",,,,,,,,20001,,,
2,YAL038W,CDC19,500,54544.4213,"1,38:5",CDC19,,,,,,,20011,,,
2,YBL068W,PRS4,327,35719.8705,"1,38:5",PRS4,,,,,,,20030,,,
2,YBR018C,GAL7,366,42384.9088,"1,38:5",GAL7,,,,,,,20041,,,
2,YBR026C,ETR1,380,42066.6175,"2,38:4",ETR1,,,,,,,20046,,,
2,YBR035C,PDX3,228,26908.1071,"1,38:5",PDX3,,,,,,,20049,,,
2,YBR183W,YPC1,316,36419.5114,"2,38:4",YPC1,,,,,,,20076,,,
2,YBR248C,HIS7,552,61067.8374,"1,38:5",HIS7,,,,,,,20087,,,
2,YBR263W,SHM1,490,53686.1807,"1,38:5",SHM1,,,,,,,20091,,,
2,YOR126C,IAH1,238,27346.1321,"2,38:4",IAH1,,,,,,,20868,,,
2,YOR130C,ORT1,292,31519.5127,"1,38:5",ORT1,,,,,,,20870,,,
2,YOR236W,DFR1,211,24260.9093,"1,38:5",DFR1,,,,,,,20888,,,
2,YPL059W,GRX5,150,16931.3806,"2,38:4",GRX5,,,,,,,20915,,,
2,YPL110C,GDE1,1223,138013.6738,"2,38:4",GDE1,,,,4,3.1.4.2,,20924,,,
2,YPL244C,HUT1,339,38075.3607,"2,38:4",HUT1,,,,,,,20939,,,
2,YPL262W,FUM1,488,53151.6478,"1,38:5",FUM1,,,,7,4.2.1.2,,20942,,,
2,YPL271W,ATP15,62,6742.5499,"1,38:5",ATP15,,,,,,,20946,,,
2,YPR021C,AGC1,902,104303.8054,"2,38:4",AGC1,,,,,,,20956,,,
2,YPR047W,MSF1,469,54828.6487,"1,38:5",MSF1,,,,,,,20961,,,
2,YCR073W-A,SOL2,315,34501.1216,"1,38:4",SOL2,,,,,,,20125,,,
2,YHR001W-A,QCR10,77,8592.9015,"1,38:5",QCR10,,,,,,,20419,,,
2,YCL030C,HIS4,799,87720.8823,"1,38:5",HIS4,,,,,,,20104,,,
2,YCL035C,GRX1,110,12380.1412,"2,38:4",GRX1,,,,,,,20105,,,
2,YCL064C,CHA1,360,39301.2225,"1,38:5",CHA1,,,,,,,20110,,,
2,YCR012W,PGK1,416,44738.1966,"1,38:5",PGK1,,,,10,2.7.2.3,,20114,,,
2,YDL021W,GPM2,311,36072.8858,"1,38:4",GPM2,,,,,,,20132,,,
2,YDL131W,LYS21,440,48594.0515,"1,38:5",LYS21,,,,13,2.3.3.14,,20149,,,
2,YDR007W,TRP1,224,24144.3951,"1,38:5",TRP1,,,,,,,20167,,,
2,YDR234W,LYS4,693,75150.3991,"1,38:5",LYS4,,,,,,,20198,,,
2,YEL024W,RIP1,215,23364.8907,"1,38:5",RIP1,,,,,,,20257,,,
2,YEL047C,---,470,50843.885,"1,38:5",---,,,,,,,20264,,,
2,YEL063C,CAN1,590,65785.1552,"1,38:5",CAN1,,,,,,,20268,,,
2,YER073W,ALD5,520,56692.5985,"1,38:5",ALD5,,,,,,,20291,,,
2,YER087W,---,576,65880.024,"1,38:4",---,,,,,,,20294,,,
2,YFR033C,QCR6,147,17257.0515,"1,38:5",QCR6,,,,,,,20320,,,
2,YGL063W,PUS2,370,41891.1332,"1,38:5",PUS2,,,,,,,20333,,,
2,YGL148W,ARO2,376,40838.1754,"1,38:5",ARO2,,,,,,,20340,,,
2,YGL248W,PDE1,369,42015.909,"1,38:5",PDE1,,,,,,,20353,,,
2,YGR248W,SOL4,255,28447.612,"1,38:5",SOL4,,,,,,,20400,,,
2,YHL016C,DUR3,735,80616.6014,"1,38:5",DUR3,,,,,,,20416,,,
2,YHR020W,---,688,77385.9146,"1,38:5",---,,,,,,,20426,,,
2,YHR025W,THR1,357,38712.2987,"1,38:5",THR1,,,,,,,20427,,,
2,YHR037W,PUT2,575,64434.9044,"1,38:5",PUT2,,,,,,,20429,,,
2,YHR046C,INM1,295,32823.0909,"1,38:5",INM1,,,,,,,20434,,,
2,YHR067W,HTD2,280,33054.9925,"2,38:4",HTD2,,,,,,,20437,,,
2,YIL125W,KGD1,1014,114415.7357,"1,38:5",KGD1,,,,,,,20477,,,
2,YJR130C,STR2,639,72350.3025,"1,38:5",STR2,,,,,,,20548,,,
2,YKL218C,SRY1,326,34898.8569,"1,38:4",SRY1,,,,,,,20598,,,
2,YKR061W,KTR2,425,50651.1407,"1,38:5",KTR2,,,,,,,20604,,,
2,YLR027C,AAT2,418,46057.417,"1,38:5",AAT2,,,,,,,20627,,,
2,YLR056W,ERG3,365,42730.0997,"1,38:5",ERG3,,,,,,,20632,,,
2,YLR089C,---,592,66421.3202,"1,38:5",---,,,,,,,20638,,,
2,YLR231C,BNA5,453,51031.8615,"1,38:5",BNA5,,,,,,,20662,,,
2,YLR285W,NNT1,261,29632.4646,"2,38:4",NNT1,,,,,,,20670,,,
2,YLR299W,ECM38,660,73180.1707,"1,38:5",ECM38,,,,,,,20672,,,
2,YLR420W,URA4,364,40313.133,"1,38:5",URA4,,,,,,,20692,,,
2,YLR432W,IMD3,523,56584.6204,"1,38:5",IMD3,,,,11,1.1.1.205,,20693,,,
2,YML004C,GLO1,326,37208.7464,"1,38:5",GLO1,,,,11,4.4.1.5,,20698,,,
2,YMR207C,HFA1,2123,241785.3082,"2,38:4",HFA1,,,,,,,20746,,,
2,YKL192C,ACP1,125,13942.6219,"1,38:5",ACP1,,,,,,,20591,,,
2,YML120C,NDI1,513,57249.5566,"1,38:5",NDI1,,,,15,1.6.5.3,,20715,,,
2,YMR118C,---,196,22308.798,"1,38:4",---,,,,,,,20737,,,
2,YMR208W,ERG12,443,48459.3229,"1,38:5",ERG12,,,,,,,20747,,,
2,YNL073W,MSK1,576,66127.9823,"1,38:5",MSK1,,,,,,,20781,,,
2,YNL141W,AAH1,347,39634.8586,"1,38:5",AAH1,,,,,,,20789,,,
2,YNL192W,CHS1,1131,129870.2197,"1,38:5",CHS1,,,,,,,20792,,,
2,YOL020W,TAT2,592,65404.1645,"1,38:5",TAT2,,,,,,,20827,,,
2,YOL049W,GSH2,491,55814.9406,"1,38:5",GSH2,,,,,,,20830,,,
2,YPL111W,CAR1,333,35661.8235,"1,38:5",CAR1,,,,,,,20925,,,
2,YPR020W,ATP20,115,12921.0629,"1,38:5",ATP20,,,,,,,20955,,,
2,YPR036W,VMA13,478,54415.5748,"1,38:5",VMA13,,,,,,,20960,,,
2,YAL060W,BDH1,382,41581.8479,"2,38:4",BDH1,,,,18,1.1.1.4,,20014,,,
2,YBR068C,BAP2,609,67769.1594,"1,38:5",BAP2,,,,,,,20055,,,
2,YBR153W,RIB7,244,27116.0736,"1,38:5",RIB7,,,,,,,20070,,,
2,YDR135C,YCF1,1515,171120.639,"2,38:4",YCF1,,,,1,3.6.3.46,,20186,,,
2,YDR403W,DIT1,536,61390.4524,"2,38:4",DIT1,,,,,,,20232,,,
2,YGR096W,TPC1,314,35136.6784,"2,38:4",TPC1,,,,,,,20371,,,
2,YGR125W,---,1036,116970.8322,"1,38:4",---,,,,,,,20374,,,
2,YGR192C,TDH3,332,35746.5188,"1,38:5",TDH3,,,,,,,20388,,,
2,YGR199W,PMT6,759,88025.7671,"1,38:3",PMT6,,,,24,2.4.1.109,,20391,,,
2,YHR019C,DED81,554,62206.5728,"1,38:5",DED81,,,,,,,20425,,,
2,YHR106W,TRR2,342,37087.2211,"1,38:5",TRR2,,,,12,1.8.1.9,,20446,,,
2,YHR208W,BAT1,393,43595.8633,"1,38:5",BAT1,,,,,,,20456,,,
2,YJR025C,BNA1,177,20234.9084,"1,38:5",BNA1,,,,,,,20532,,,
2,YJR049C,UTR1,530,59468.9727,"1,38:5",UTR1,,,,50,2.7.1.23,2.7.1.86,20534,1,,
2,YJR078W,BNA2,453,50775.1621,"1,38:5",BNA2,,,,,,,20540,,,
2,YJR160C,MPH2 /// MPH3,602,67256.689,"1,38:4",MPH2 /// MPH3,,,,,,,20558,,,
2,YKL008C,LAC1,418,48991.8243,"2,38:4",LAC1,,,,17,2.3.1.24,,20561,,,
2,YKL127W,PGM1,570,63111.5558,"1,38:5",PGM1,,,,,,,20577,,,
2,YJL097W,PHS1,217,24510.5476,"33,33:1",PHS1,,,,,,,20504,,,
2,YFL025C,BST1,1029,117754.7662,"33,33:1",BST1,,,,,,,20311,,,
2,YMR241W,YHM2,314,34184.4411,"32,33:2",YHM2,,,,,,,20752,,,
2,YNL045W,---,671,77352.4556,"33,33:1",---,,,,,,,20778,,,
2,YKL165C,MCD4,919,105692.8844,"33,33:1",MCD4,,,,,,,20585,,,
2,YLR246W,ERF2,359,41098.7927,"33,33:1",ERF2,,,,,,,20666,,,
2,YJR110W,YMR1,688,80151.4102,"33,33:1",YMR1,,,,,,,20545,,,
2,YMR298W,LIP1,150,17206.6267,"33,33:1",LIP1,,,,,,,20765,,,
2,YHR074W,QNS1,714,80685.4466,"1,38:5",QNS1,,,,5,6.3.1.5,6.3.5.1,20440,3,,
2,YHR190W,ERG9,444,51719.691,"1,38:5",ERG9,,,,6,2.5.1.21,,20455,,,
2,YIL116W,HIS5,385,42645.9726,"1,38:5",HIS5,,,,,,,20475,,,
2,YJL155C,FBP26,452,52594.6911,"1,38:5",FBP26,,,,,,,20515,,,
2,YKL004W,AUR1,401,45193.1652,"1,38:5",AUR1,,,,,,,20560,,,
2,YLR303W,MET17,444,48671.4459,"1,38:5",MET17,,,,,,,20674,,,
2,YLR359W,ADE13,482,54510.2324,"1,38:5",ADE13,,,,,,,20686,,,
2,YML100W,TSL1,1098,123017.3139,"1,38:5",TSL1,,,,,,,20712,,,
2,YKL211C,TRP3,484,53489.1643,"1,38:5",TRP3,,,,,,,20594,,,
2,YLR058C,SHM2,469,52218.2474,"1,38:5",SHM2,,,,,,,20633,,,
2,YNL267W,PIK1,1066,119922.7119,"1,38:5",PIK1,,,,6,2.7.1.67,,20798,,,
2,YPR192W,AQY1,305,32712.7003,"2,38:4",AQY1,,,,,,,20982,,,
2,YDR098C,GRX3,285,32480.9873,"2,38:4",GRX3,,,,,,,20182,,,
2,YER062C,HOR2,250,27813.6309,"1,38:5",HOR2,,,,,,,20287,,,
2,YGR185C,TYS1,394,44019.7738,"1,38:5",TYS1,,,,10,6.1.1.1,,20386,,,
2,YHR043C,DOG2 /// DOG1,246,27164.9337,"2,38:3",DOG2 /// DOG1,,,,,,,20432,,,
2,YKL148C,SDH1,640,70229.1261,"1,38:5",SDH1,,,,,,,20582,,,
2,YLR118C,---,227,24700.2241,"33,33:1",---,,,,,,,20642,,,
2,YAR071W,PHO11 /// PHO12,467,52757.5849,"1,38:5",PHO11 /// PHO12,,,,,,,20018,,,
2,YNL292W,PUS4,403,45273.1827,"1,38:5",PUS4,,,,8,5.4.99.25,,20803,,,
2,YOL052C,SPE2,396,46232.2285,"1,38:5",SPE2,,,,,,,20831,,,
2,YGL225W,VRG4,337,37018.5634,"2,38:4",VRG4,,,,,,,20350,,,
2,YIL020C,HIS6,261,29556.518,"1,38:5",HIS6,,,,8,5.3.1.16,,20464,,,
2,YPR176C,BET2,325,36665.8515,"1,1:1",BET2,,,,,,,20978,,,
2,YCL052C,PBN1,416,47923.1238,"33,33:1",PBN1,,,,,,,20109,,,
2,YOL068C,HST1,503,57701.8339,"33,33:1",HST1,,,,,,,20840,,,
2,YMR281W,GPI12,304,35445.7884,"33,33:1",GPI12,,,,,,,20761,,,
2,YAL062W,GDH3,457,49626.9664,"1,38:5",GDH3,,,,,,,20015,,,
2,YBR213W,MET8,274,31917.6237,"2,38:4",MET8,,,,,,,20083,,,
2,YNL220W,ADE12,433,48279.1486,"1,38:5",ADE12,,,,,,,20794,,,
2,YOR221C,MCT1,384,40707.1408,"1,38:5",MCT1,,,,,,,20886,,,
2,YPL023C,MET12,657,73941.2701,"1,38:5",MET12,,,,,,,20909,,,
2,YPR140W,TAZ1,381,44187.4047,"2,38:4",TAZ1,,,,,,,20972,,,
2,YDL022W,GPD1,391,42868.6689,"1,38:5",GPD1,,,,9,1.1.1.8,,20133,,,
2,YDL178W,DLD2,530,59268.1671,"2,38:4",DLD2,,,,,,,20155,,,
2,YDR173C,ARG82,355,40352.8437,"2,38:4",ARG82,,,,10,2.7.1.127,2.7.1.151,20190,6,,
2,YDR343C,HXT7 /// HXT6,570,62704.8391,"1,38:5",HXT7 /// HXT6,,,,,,,20219,,,
2,YFR053C,HXK1,485,53738.1939,"1,38:5",HXK1,,,,64,2.7.1.1,,20322,,,
2,YGR061C,ADE6,1358,148904.4129,"1,38:5",ADE6,,,,,,,20366,,,
2,YGR292W,,584,68093.9131,"1,38:5",,,,,,,,20412,,,
2,YIL160C,POT1,417,44730.1901,"1,38:5",POT1,,,,,,,20481,,,
2,YJR073C,OPI3,206,23150.2095,"1,38:5",OPI3,,,,,,,20538,,,
2,YKL216W,URA1,314,34800.7824,"1,38:5",URA1,,,,,,,20596,,,
2,YER141W,COX15,486,54658.164,"2,38:4",COX15,,,,,,,20299,,,
2,YGL026C,TRP5,707,76625.7182,"1,38:5",TRP5,,,,,,,20328,,,
2,YGR065C,VHT1,593,69082.4852,"1,38:5",VHT1,,,,,,,20367,,,
2,YGR255C,COQ6,479,53527.2335,"1,38:5",COQ6,,,,,,,20402,,,
2,YHR063C,PAN5,379,42821.1409,"1,38:5",PAN5,,,,,,,20436,,,
2,YIL145C,PAN6,309,35032.0907,"1,38:5",PAN6,,,,,,,20479,,,
2,YJL070C,---,888,104263.3845,"1,38:4",---,,,,,,,20500,,,
2,YJL219W,HXT12 /// HXT9 /// HXT11,567,62857.5193,"1,38:5",HXT12 /// HXT9 /// HXT11,,,,,,,20524,,,
2,YLL018C,DPS1,557,63515.2215,"1,38:5",DPS1,,,,,,,20614,,,
2,YLR260W,LCB5,687,77565.2716,"1,38:5",LCB5,,,,,,,20668,,,
2,YLR447C,VMA6,345,39790.5103,"1,38:5",VMA6,,,,,,,20695,,,
2,YMR108W,ILV2,687,74936.4695,"1,38:5",ILV2,,,,,,,20735,,,
2,YNL316C,PHA2,334,38225.0728,"1,38:5",PHA2,,,,,,,20804,,,
2,YCR024C-A,PMP1,40,4500.5482,"1,38:5",PMP1,,,,,,,20117,,,
2,YBR038W,CHS2,963,109881.1518,"1,38:5",CHS2,,,,94,2.4.1.16,,20051,,,
2,YCL004W,PGS1,521,59369.9893,"1,38:5",PGS1,,,,,,,20100,,,
2,YER070W,RNR1,888,99560.8091,"1,38:5",RNR1,,,,,,,20290,,,
2,YJR105W,ADO1,340,36372.1759,"1,38:5",ADO1,,,,,,,20543,,,
2,YDL090C,RAM1,431,48189.7919,"1,33:2",RAM1,,,,,,,20144,,,
2,YBR004C,GPI18,433,50758.4953,"33,33:1",GPI18,,,,,,,20038,,,
2,YEL006W,YEA6,335,36960.6072,"33,33:1",YEA6,,,,,,,20253,,,
2,YJL091C,GWT1,490,55466.0639,"33,33:1",GWT1,,,,,,,20503,,,
2,YDR302W,GPI11,219,25261.8667,"33,33:1",GPI11,,,,,,,20212,,,
2,YLL048C,YBT1,1661,189161.4841,"2,38:4",YBT1,,,,,,,20619,,,
2,YMR169C,ALD3,506,55385.0427,"1,38:5",ALD3 /// ALD2,,,,,,,20741,,,
2,YOL126C,MDH2,423,40730.621,"1,38:5",MDH2,,,,154,1.1.1.37,,20847,,,
2,YPR183W,DPM1,267,30362.1216,"1,38:5",DPM1,,,,7,2.4.1.83,,20979,,,
2,YCL025C,AGP1,595,69671.1087,"1,38:5",AGP1,,,,,,,20103,,,
2,YDR315C,IPK1,281,32917.9154,"2,38:4",IPK1,,,,4,2.7.1.158,,20214,,,
2,YER024W,YAT2,923,103333.3742,"2,38:4",YAT2,,,,,,,20277,,,
2,YHR174W,ENO2,437,46913.9681,"1,38:5",ENO2,,,,,,,20452,,,
2,YLR088W,GAA1,614,69220.9537,"33,33:1",GAA1,,,,,,,20637,,,
2,YBL039C,URA7,579,64710.0477,"1,38:5",URA7,,,,,,,20026,,,
2,YBR196C,PGI1,554,61298.9408,"1,38:5",PGI1,,,,,,,20079,,,
2,YNL268W,LYP1,611,68089.3868,"1,38:5",LYP1,,,,,,,20799,,,
2,YOR095C,RKI1,258,28257.9505,"1,38:5",RKI1,,,,,,,20861,,,
2,YOR190W,SPR1,445,51809.2263,"1,38:5",SPR1,,,,,,,20882,,,
2,YPL234C,TFP3,164,17037.4044,"1,38:5",TFP3,,,,,,,20938,,,
2,YDL171C,GLT1,2145,238100.9039,"1,38:5",GLT1,,,,,,,20153,,,
2,YDR294C,DPL1,589,65565.3666,"1,38:5",DPL1,,,,,,,20208,,,
2,YDR503C,LPP1,274,31586.1864,"1,38:5",LPP1,,,,,,,20245,,,
2,YER170W,ADK2,225,25193.8367,"1,38:5",ADK2,,,,,,,20301,,,
2,YGL009C,LEU1,779,85794.1204,"1,38:5",LEU1,,,,,,,20326,,,
2,YGR247W,CPD1,239,26731.4859,"2,38:4",CPD1,,,,,,,20399,,,
2,YHR163W,SOL3,280,27784.3686,"1,38:5",SOL3,,,,,,,20451,,,
2,YNL009W,IDP3,420,47856.1784,"1,38:5",IDP3,,,,11,1.1.1.42,,20775,,,
2,YNR016C,ACC1,2233,250352.2995,"1,38:5",ACC1,,,,,,,20813,,,
2,YOL066C,RIB2,591,67035.5507,"2,38:4",RIB2,,,,,,,20839,,,
2,YOR180C,DCI1,271,30057.7632,"2,38:4",DCI1,,,,,,,20880,,,
2,YPL057C,SUR1,382,44807.8388,"1,38:5",SUR1,,,,,,,20914,,,
2,YCR028C,FEN2,512,58256.2804,"1,38:5",FEN2,,,,,,,20118,,,
2,YDL247W,MPH2,609,68188.9959,"1,38:5",MPH2,,,,,,,20165,,,
2,YDR453C,TSA2,196,21614.7625,"2,38:4",TSA2,,,,,,,20238,,,
2,YER090W,TRP2,507,56767.3349,"1,38:5",TRP2,,,,,,,20295,,,
2,YFR047C,BNA6,295,32364.8612,"1,38:5",BNA6,,,,22,2.4.2.19,,20321,,,
2,YGL245W,GUS1,708,80842.3932,"1,38:5",GUS1,,,,,,,20352,,,
2,YHR072W,ERG7,731,83460.0707,"1,38:5",ERG7,,,,5,5.4.99.7,,20439,,,
2,YIR037W,HYR1,163,18641.4134,"1,38:5",HYR1,,,,6,1.11.1.12,,20492,,,
2,YJL126W,NIT2,307,34692.7253,"1,38:4",NIT2,,,,,,,20508,,,
2,YJR048W,CYC1,109,12181.9404,"2,38:4",CYC1,,,,,,,20533,,,
2,YKL060C,FBA1,359,39620.6097,"1,38:5",FBA1,,,,,,,20569,,,
2,YKL188C,PXA2,853,97126.0202,"1,38:5",PXA2,,,,,,,20590,,,
2,YLR038C,COX12,83,9787.8776,"1,38:5",COX12,,,,,,,20629,,,
2,YLR258W,GSY2,705,80078.4966,"1,38:5",GSY2,,,,,,,20667,,,
2,YML070W,DAK1,584,62206.4357,"1,38:5",DAK1,,,,,,,20706,,,
2,YMR189W,GCV2,1034,114450.8415,"1,38:5",GCV2,,,,,,,20743,,,
2,YLR100W,ERG27,347,39724.5455,"1,38:5",ERG27,,,,,,,20640,,,
2,YMR267W,PPA2,310,35572.4329,"1,38:5",PPA2,,,,,,,20757,,,
2,YBR084W,MIS1,975,106216.9582,"1,38:5",MIS1,,,,6,6.3.4.3,,20057,,,
2,YOL143C,RIB4,169,18555.4587,"1,38:5",RIB4,,,,29,2.5.1.78,,20851,,,
2,YOR393W,,437,47327.3979,"1,38:4",,,,,,,,20907,,,
2,YPL134C,ODC1,310,34206.0875,"1,38:5",ODC1,,,,,,,20927,,,
2,YPR001W,CIT3,486,53810.9982,"1,38:5",CIT3,,,,,,,20952,,,
2,YDR322C-A,TIM11,96,10875.4641,"1,38:5",TIM11,,,,,,,20216,,,
2,YCL050C,APA1,321,36492.4237,"1,38:5",APA1,,,,,,,20108,,,
2,YDL052C,SLC1,303,33886.7956,"1,38:5",SLC1,,,,,,,20137,,,
2,YDR408C,ADE8,214,23540.0838,"1,38:5",ADE8,,,,,,,20233,,,
2,YER069W,,863,94868.8188,"1,38:5",,,,,,,,20289,,,
2,YFL055W,AGP3,558,61051.5434,"1,38:5",AGP3,,,,,,,20315,,,
2,YGL084C,GUP1,560,65339.5828,"2,38:4",GUP1,,,,,,,20336,,,
2,YHR011W,DIA4,446,50389.7988,"1,38:5",DIA4,,,,,,,20422,,,
2,YHR042W,NCP1,691,76771.4329,"2,38:4",NCP1,,,,,,,20431,,,
2,YJR103W,URA8,564,64510.3195,"1,38:5",URA8,,,,,,,20542,,,
2,YLL062C,MHT1,324,36714.6742,"1,38:5",MHT1,,,,,,,20623,,,
2,YLR133W,CKI1,582,66316.3382,"1,38:5",CKI1,,,,8,2.7.1.32,,20643,,,
2,YLR328W,NMA1,401,45858.8553,"1,38:5",NMA1,,,,,,,20679,,,
2,YML056C,IMD4,524,56393.7223,"1,38:5",IMD4,,,,11,1.1.1.205,,20704,,,
2,YLR134W,PDC5,563,61911.8081,"1,38:5",PDC5,,,,,,,20644,,,
2,YMR250W,GAD1,585,65989.6818,"1,38:5",GAD1,,,,,,,20754,,,
2,YNR008W,LRO1,661,75392.8373,"2,38:3",LRO1,,,,,,,20810,,,
2,YPL252C,YAH1,172,18932.4179,"2,38:4",YAH1,,,,,,,20940,,,
2,YAR073W,IMD1,403,,"1,38:3",IMD1,,,,,,,20019,,,
2,YBR298C,MAL31,614,68262.6441,"1,38:5",MAL31,,,,,,,20098,,,
2,YER056C,FCY2,533,58201.0169,"1,38:5",FCY2 /// FCY22,,,,,,,20283,,,
2,YHL012W,---,493,56000.064,"1,38:3",---,,,,,,,20415,,,
2,YIL107C,PFK26,827,93416.6461,"1,38:5",PFK26,,,,,,,20473,,,
2,YJR148W,BAT2,376,41624.551,"1,38:5",BAT2,,,,,,,20553,,,
2,YBR180W,DTR1,572,63406.6064,"2,38:4",DTR1,,,,,,,20075,,,
2,YDR287W,---,292,32092.477,"33,33:1",---,,,,,,,20207,,,
2,YOR175C,---,619,72227.7183,"33,33:1",---,,,,,,,20878,,,
2,YGR277C,---,305,34306.3895,"33,33:1",---,,,,,,,20407,,,
2,YBL064C,PRX1,261,29495.7068,"2,38:4",PRX1,,,,9,1.11.1.15,,20029,,,
2,YBL098W,BNA4,460,52429.3145,"1,38:5",BNA4,,,,7,1.14.13.9,,20033,,,
2,YBR002C,RER2,286,32693.5054,"1,33:2",RER2,,,,6,2.5.1.87,,20036,,,
2,YBR126C,TPS1,495,56147.5443,"1,38:5",TPS1,,,,30,2.4.1.15,,20065,,,
2,YDL182W,LYS20,428,47098.7118,"1,38:5",LYS20,,,,12,2.3.3.14,,20157,,,
2,YDR017C,KCS1,1050,119549.5918,"2,38:4",KCS1,,,,6,2.7.1.151,,20168,,,
2,YDR147W,EKI1,534,61656.7507,"1,38:5",EKI1,,,,7,2.7.1.82,,20187,,,
2,YGL037C,PNC1,216,24993.1983,"1,38:5",PNC1,,,,7,3.5.1.19,,20329,,,
2,YGR087C,PDC6,563,61580.098,"1,38:5",PDC6,,,,4,4.1.1.1,,20368,,,
2,YGR175C,ERG1,496,55125.6724,"1,38:5",ERG1,,,,5,1.14.99.7,,20382,,,
2,YGR282C,BGL2,313,34118.4572,"1,38:5",BGL2,,,,1,3.2.1.39,,20408,,,
2,YIL002C,INP51,946,108429.1125,"2,38:4",INP51,,,,8,3.1.3.36,,20459,,,
2,YJL060W,BNA3,444,50082.1394,"32,38:3",BNA3,,,,32,2.6.1.7,,20498,,,
2,YJL101C,GSH1,678,78253.2643,"1,38:5",GSH1,,,,7,6.3.2.2,,20506,,,
2,YLL041C,SDH2,266,30231.1733,"1,38:5",SDH2,,,,9,1.3.5.1,,20617,,,
2,YML075C,HMG1,1054,115625.1497,"1,38:5",HMG1,,,,40,1.1.1.34,,20707,,,
2,YNL071W,LAT1,482,51817.876,"1,38:5",LAT1,,,,25,2.3.1.12,,20780,,,
2,YNL280C,ERG24,438,50615.2343,"1,38:5",ERG24,,,,4,1.3.1.70,,20802,,,
2,YNR001C,CIT1,479,53359.8016,"1,38:5",CIT1,,,,12,2.3.3.1,,20809,,,
2,YPL276W,FDH1,145,,"1,38:4",FDH1,,,,4,1.2.1.2,,20950,,,
2,YDR284C,DPP1,289,33513.868,"1,38:5",DPP1,,,,10,3.1.3.4,3.1.3.81,20206,7,,
2,YEL041W,YEF1,495,55873.3882,"1,38:5",YEF1,,,,51,2.7.1.23,2.7.1.86,20261,9,,
2,YFL001W,DEG1,442,50888.5703,"1,38:5",DEG1,,,,7,5.4.99.12,5.4.99.B24,20306,1,,
2,YOL055C,THI20,551,61269.1177,"1,38:5",THI20,,,,10,2.7.1.49,3.5.99.2,20832,10,,
2,YPL188W,POS5,414,46246.6545,"1,38:5",POS5,,,,52,2.7.1.23,2.7.1.86,20932,10,,
2,YEL053C,MAK10,733,84302.0302,"33,33:1",MAK10,,,,,,,20266,,,
2,YKL088W,---,571,65237.9749,"33,33:1",---,,,,,,,20573,,,
2,YPL206C,---,321,37069.6306,"33,33:1",---,,,,,,,20934,,,
2,YIL083C,---,365,41866.7385,"33,33:1",---,,,,,,,20470,,,
